bond_code,bond_name,stock_code,stock_name,event_type,complete,nodes,missing_nodes,trigger_date,proposal_date,resolution_date,implementation_date,result_date,total_days,cycle_status,original_conv_price,new_conv_price,adjustment_ratio,redemption_price,premium_rate,avg_price_1d,notes,events
110073,国投转债,600061,国投资本,adjustment,False,"trigger,implementation","proposal,resolution",2025-12-05,,,2026-04-03,,119,LONG,9.42,,,,,,,"[{""doc_id"": ""434740bd93b8fa5e"", ""ann_type"": ""下修类公告"", ""event_stage"": ""stage_unknown"", ""publish_date"": ""2025-12-05"", ""nodes"": [""trigger""]}, {""doc_id"": ""4ef5bd109a25ef20"", ""ann_type"": ""下修类公告"", ""event_stage"": ""stage_4_implementation"", ""publish_date"": ""2026-04-03"", ""nodes"": [""trigger"", ""implementation""]}, {""doc_id"": ""ddefa419f921e61f"", ""ann_type"": ""下修类公告"", ""event_stage"": ""stage_unknown"", ""publish_date"": ""2026-03-27"", ""nodes"": [""trigger""]}]"
110076,华海转债,600521,华海药业,adjustment,True,"trigger,proposal,resolution,implementation",,2026-05-21,2026-04-18,2026-04-18,2026-05-25,,37,NORMAL,33.06,16.6,49.77,,,16.6,,"[{""doc_id"": ""1f0b8841d52d4d13"", ""ann_type"": ""下修类公告"", ""event_stage"": ""stage_4_implementation"", ""publish_date"": ""2026-05-21"", ""nodes"": [""trigger"", ""implementation""]}, {""doc_id"": ""43bb52461db6a3dd"", ""ann_type"": ""下修类公告"", ""event_stage"": ""stage_unknown"", ""publish_date"": ""2026-04-10"", ""nodes"": [""trigger""]}, {""doc_id"": ""d15e222a455a632e"", ""ann_type"": ""下修类公告"", ""event_stage"": ""stage_unknown"", ""publish_date"": ""2026-01-19"", ""nodes"": [""trigger""]}, {""doc_id"": ""6560c9ee54448a23"", ""ann_type"": ""下修类公告"", ""event_stage"": ""stage_unknown"", ""publish_date"": ""2026-04-18"", ""nodes"": [""trigger"", ""proposal"", ""resolution""]}]"
110081,闻泰转债,600745,*ST闻泰,adjustment,False,"trigger,proposal,implementation",resolution,2026-05-27,2026-05-27,,2026-04-10,,47,NORMAL,43.6,32.66,25.08,,,30.37,,"[{""doc_id"": ""59f84b5f08e5529d"", ""ann_type"": ""下修类公告"", ""event_stage"": ""stage_unknown"", ""publish_date"": ""2026-05-27"", ""nodes"": [""trigger"", ""proposal"", ""implementation""]}, {""doc_id"": ""f912c729e53c1fdb"", ""ann_type"": ""下修类公告"", ""event_stage"": ""stage_4_implementation"", ""publish_date"": ""2026-04-09"", ""nodes"": [""trigger"", ""implementation""]}, {""doc_id"": ""aeaea3e147417c68"", ""ann_type"": ""下修类公告"", ""event_stage"": ""stage_4_implementation"", ""publish_date"": ""2026-03-03"", ""nodes"": [""trigger"", ""proposal"", ""implementation""]}]"
110092,三房转债,600370,三房巷,adjustment,True,"trigger,proposal,resolution,implementation",,2026-04-03,2026-04-03,2026-04-03,2026-04-03,,0,NORMAL,3.02,,,,,,,"[{""doc_id"": ""e959f6b7bb33a906"", ""ann_type"": ""下修类公告"", ""event_stage"": ""stage_4_implementation"", ""publish_date"": ""2026-04-03"", ""nodes"": [""trigger"", ""proposal"", ""resolution"", ""implementation""]}]"
111001,山玻转债,605006,山东玻纤,adjustment,False,"trigger,proposal,implementation",resolution,2026-03-25,2026-03-25,,2026-04-01,,7,NORMAL,11.18,,,,,,,"[{""doc_id"": ""93515a2b43d47919"", ""ann_type"": ""下修类公告"", ""event_stage"": ""stage_unknown"", ""publish_date"": ""2026-03-25"", ""nodes"": [""trigger"", ""proposal""]}, {""doc_id"": ""b717c39179a67bf1"", ""ann_type"": ""下修类公告"", ""event_stage"": ""stage_4_implementation"", ""publish_date"": ""2026-04-01"", ""nodes"": [""trigger"", ""implementation""]}]"
111005,富春转债,605189,富春染织,adjustment,False,"trigger,implementation","proposal,resolution",2026-05-27,,,2026-05-28,,1,NORMAL,,,,101.4,1.4,,,"[{""doc_id"": ""be8cad108806640e"", ""ann_type"": ""强赎类公告"", ""event_stage"": ""stage_unknown"", ""publish_date"": ""2026-05-27"", ""nodes"": [""trigger"", ""implementation""]}, {""doc_id"": ""170933f0114c4d7d"", ""ann_type"": ""强赎类公告"", ""event_stage"": ""stage_unknown"", ""publish_date"": ""2026-05-26"", ""nodes"": [""trigger"", ""implementation""]}, {""doc_id"": ""5db595b5e2269cac"", ""ann_type"": ""强赎类公告"", ""event_stage"": ""stage_unknown"", ""publish_date"": ""2026-05-20"", ""nodes"": [""trigger"", ""implementation""]}]"
111005,富春转债,605189,芜湖富春染织股份有限公司,redemption,False,"trigger,implementation,result",resolution,2026-05-21,,,2026-05-28,2026-05-29,8,NORMAL,,,,101.4,1.4,,,"[{""doc_id"": ""057f3ee963b3eb52"", ""ann_type"": ""强赎类公告"", ""event_stage"": ""stage_unknown"", ""publish_date"": ""2026-05-21"", ""nodes"": [""trigger"", ""implementation"", ""result""]}, {""doc_id"": ""be8cad108806640e"", ""ann_type"": ""强赎类公告"", ""event_stage"": ""stage_unknown"", ""publish_date"": ""2026-05-27"", ""nodes"": [""trigger"", ""implementation"", ""result""]}, {""doc_id"": ""f562aaa60e92046d"", ""ann_type"": ""强赎类公告"", ""event_stage"": ""stage_unknown"", ""publish_date"": ""2026-05-28"", ""nodes"": [""trigger"", ""implementation"", ""result""]}, {""doc_id"": ""ceaafff3c6a4bac5"", ""ann_type"": ""强赎类公告"", ""event_stage"": ""stage_unknown"", ""publish_date"": ""2026-05-19"", ""nodes"": [""trigger"", ""implementation"", ""result""]}, {""doc_id"": ""e32a8dc309cec024"", ""ann_type"": ""强赎类公告"", ""event_stage"": ""stage_unknown"", ""publish_date"": ""2026-05-22"", ""nodes"": [""trigger"", ""implementation"", ""result""]}, {""doc_id"": ""170933f0114c4d7d"", ""ann_type"": ""强赎类公告"", ""event_stage"": ""stage_unknown"", ""publish_date"": ""2026-05-26"", ""nodes"": [""trigger"", ""implementation"", ""result""]}, {""doc_id"": ""5db595b5e2269cac"", ""ann_type"": ""强赎类公告"", ""event_stage"": ""stage_unknown"", ""publish_date"": ""2026-05-20"", ""nodes"": [""trigger"", ""implementation"", ""result""]}]"
111009,盛泰转债,605138,盛泰集团,adjustment,False,"trigger,proposal,implementation",resolution,2026-03-12,2026-03-12,,2026-03-12,,0,NORMAL,10.56,,,,,,,"[{""doc_id"": ""e6da7c9fc637a901"", ""ann_type"": ""下修类公告"", ""event_stage"": ""stage_4_implementation"", ""publish_date"": ""2026-03-12"", ""nodes"": [""trigger"", ""proposal"", ""implementation""]}]"
111010,立昂转债,605358,立昂微,redemption,False,"trigger,implementation","resolution,result",2026-05-21,,,2028-11-13,,907,LONG,,,,,,,,"[{""doc_id"": ""5ad7692b9c62b2a1"", ""ann_type"": ""强赎类公告"", ""event_stage"": ""stage_unknown"", ""publish_date"": ""2026-05-21"", ""nodes"": [""trigger"", ""implementation""]}]"
111013,新港转债,605162,新中港,adjustment,False,"trigger,proposal,implementation",resolution,2026-05-28,2026-05-26,,2026-06-01,,6,NORMAL,,,,100.35,0.35,,,"[{""doc_id"": ""16c456fa50fe3336"", ""ann_type"": ""强赎类公告"", ""event_stage"": ""stage_unknown"", ""publish_date"": ""2026-05-28"", ""nodes"": [""trigger"", ""implementation""]}, {""doc_id"": ""7cad6400a317ce41"", ""ann_type"": ""强赎类公告"", ""event_stage"": ""stage_unknown"", ""publish_date"": ""2026-05-26"", ""nodes"": [""trigger"", ""proposal"", ""implementation""]}]"
111013,新港转债,605162,新中港,redemption,False,"trigger,implementation,result",resolution,2026-05-28,,,2026-06-01,2026-06-02,5,NORMAL,,,,100.35,0.35,,,"[{""doc_id"": ""16c456fa50fe3336"", ""ann_type"": ""强赎类公告"", ""event_stage"": ""stage_unknown"", ""publish_date"": ""2026-05-28"", ""nodes"": [""trigger"", ""implementation"", ""result""]}, {""doc_id"": ""45f384353378dc7c"", ""ann_type"": ""强赎类公告"", ""event_stage"": ""stage_unknown"", ""publish_date"": ""2026-05-23"", ""nodes"": [""trigger"", ""implementation"", ""result""]}, {""doc_id"": ""7cad6400a317ce41"", ""ann_type"": ""强赎类公告"", ""event_stage"": ""stage_unknown"", ""publish_date"": ""2026-05-26"", ""nodes"": [""trigger"", ""implementation"", ""result""]}, {""doc_id"": ""7bb436c060e127c6"", ""ann_type"": ""强赎类公告"", ""event_stage"": ""stage_unknown"", ""publish_date"": ""2026-05-19"", ""nodes"": [""trigger"", ""implementation"", ""result""]}, {""doc_id"": ""bcea9795ccad59de"", ""ann_type"": ""强赎类公告"", ""event_stage"": ""stage_unknown"", ""publish_date"": ""2026-05-21"", ""nodes"": [""trigger"", ""implementation"", ""result""]}, {""doc_id"": ""dcbc56daeebd889e"", ""ann_type"": ""强赎类公告"", ""event_stage"": ""stage_unknown"", ""publish_date"": ""2026-05-20"", ""nodes"": [""trigger"", ""implementation"", ""result""]}, {""doc_id"": ""dd70e1887e284ab6"", ""ann_type"": ""强赎类公告"", ""event_stage"": ""stage_unknown"", ""publish_date"": ""2026-05-30"", ""nodes"": [""trigger"", ""implementation"", ""result""]}, {""doc_id"": ""9ad1299005dd9e41"", ""ann_type"": ""强赎类公告"", ""event_stage"": ""stage_unknown"", ""publish_date"": ""2026-05-27"", ""nodes"": [""trigger"", ""implementation"", ""result""]}, {""doc_id"": ""9b4c557417d6b428"", ""ann_type"": ""强赎类公告"", ""event_stage"": ""stage_unknown"", ""publish_date"": ""2026-05-29"", ""nodes"": [""trigger"", ""implementation"", ""result""]}, {""doc_id"": ""b4d7e98a8531615b"", ""ann_type"": ""强赎类公告"", ""event_stage"": ""stage_unknown"", ""publish_date"": ""2026-05-22"", ""nodes"": [""trigger"", ""implementation"", ""result""]}]"
111023,利柏转债,605167,利柏特,redemption,False,trigger,"resolution,implementation,result",2026-05-20,,,,,0,NORMAL,,,,,,,,"[{""doc_id"": ""20c3a35eac0b5974"", ""ann_type"": ""强赎类公告"", ""event_stage"": ""stage_unknown"", ""publish_date"": ""2026-05-20"", ""nodes"": [""trigger""]}]"
113059,福莱转债,601865,福莱特,adjustment,False,"trigger,implementation","proposal,resolution",2026-03-21,,,2026-03-21,,0,NORMAL,41.71,,,,,,,"[{""doc_id"": ""4e1a906f0cd0d010"", ""ann_type"": ""下修类公告"", ""event_stage"": ""stage_4_implementation"", ""publish_date"": ""2026-03-21"", ""nodes"": [""trigger"", ""implementation""]}, {""doc_id"": ""b92ae662724d62cf"", ""ann_type"": ""下修类公告"", ""event_stage"": ""stage_4_implementation"", ""publish_date"": ""2026-03-21"", ""nodes"": [""trigger"", ""implementation""]}]"
113625,江山转债,603208,江山欧派,adjustment,False,"trigger,implementation","proposal,resolution",2026-05-25,,,2026-05-25,,0,NORMAL,19.84,,,,,,,"[{""doc_id"": ""b3a233fd3c8d8801"", ""ann_type"": ""下修类公告"", ""event_stage"": ""stage_4_implementation"", ""publish_date"": ""2026-05-25"", ""nodes"": [""trigger"", ""implementation""]}]"
113638,台21转债,603055,台华新材,adjustment,False,"trigger,implementation","proposal,resolution",2026-05-20,,,2026-05-20,,0,NORMAL,16.19,,,,,,,"[{""doc_id"": ""07a2ebc35d19b691"", ""ann_type"": ""下修类公告"", ""event_stage"": ""stage_4_implementation"", ""publish_date"": ""2026-05-20"", ""nodes"": [""trigger"", ""implementation""]}]"
113644,艾迪转债,603638,艾迪精密,redemption,False,trigger,"resolution,implementation,result",2026-05-21,,,,,0,NORMAL,,,,,,,,"[{""doc_id"": ""526ff7dfcabac4d0"", ""ann_type"": ""强赎类公告"", ""event_stage"": ""stage_unknown"", ""publish_date"": ""2026-05-21"", ""nodes"": [""trigger""]}]"
113647,禾丰转债,603609,禾丰股份,adjustment,False,"trigger,implementation","proposal,resolution",2026-05-07,,,2026-05-07,,0,NORMAL,10.09,,,,,,,"[{""doc_id"": ""d9e3d7e091ecfe2c"", ""ann_type"": ""下修类公告"", ""event_stage"": ""stage_4_implementation"", ""publish_date"": ""2026-05-07"", ""nodes"": [""trigger"", ""implementation""]}]"
113648,巨星转债,603477,巨星农牧,adjustment,False,"trigger,proposal,implementation",resolution,2026-05-20,2026-05-20,,2026-05-20,,0,NORMAL,24.86,,,,,,,"[{""doc_id"": ""24ddac7e3cd3f1f9"", ""ann_type"": ""下修类公告"", ""event_stage"": ""stage_4_implementation"", ""publish_date"": ""2026-05-20"", ""nodes"": [""trigger"", ""proposal"", ""implementation""]}]"
113650,博22转债,603916,苏博特,adjustment,False,trigger,"proposal,resolution,implementation",2026-05-20,,,,,0,NORMAL,23.15,,,,,,,"[{""doc_id"": ""dc92be9ca754fd7c"", ""ann_type"": ""下修类公告"", ""event_stage"": ""stage_unknown"", ""publish_date"": ""2026-05-20"", ""nodes"": [""trigger""]}]"
113652,伟22转债,603568,伟明环保,adjustment,False,"trigger,proposal","resolution,implementation",2026-05-12,2026-05-12,,,,0,NORMAL,27.27,,,,,,,"[{""doc_id"": ""c8d152e3da10a27b"", ""ann_type"": ""下修类公告"", ""event_stage"": ""stage_unknown"", ""publish_date"": ""2026-05-12"", ""nodes"": [""trigger"", ""proposal""]}]"
113656,嘉诚转债,603535,嘉诚国际,adjustment,False,"trigger,implementation","proposal,resolution",2026-04-21,,,2026-04-21,,0,NORMAL,10.35,,,,,,,"[{""doc_id"": ""74161d8ef7ed2df6"", ""ann_type"": ""下修类公告"", ""event_stage"": ""stage_4_implementation"", ""publish_date"": ""2026-04-21"", ""nodes"": [""trigger"", ""implementation""]}]"
113660,寿22转债,603896,寿仙谷,adjustment,True,"trigger,proposal,resolution,implementation",,2026-04-04,2026-04-04,2026-04-04,2026-04-04,,0,NORMAL,31.31,36.84,,,,,,"[{""doc_id"": ""38020326325819b2"", ""ann_type"": ""下修类公告"", ""event_stage"": ""stage_4_implementation"", ""publish_date"": ""2026-04-04"", ""nodes"": [""trigger"", ""proposal"", ""resolution"", ""implementation""]}, {""doc_id"": ""db4c27a7dd2d499d"", ""ann_type"": ""下修类公告"", ""event_stage"": ""stage_4_implementation"", ""publish_date"": ""2026-03-28"", ""nodes"": [""trigger"", ""implementation""]}]"
113670,金23转债,603180,金牌家居,adjustment,False,"trigger,implementation","proposal,resolution",2026-03-21,,,2026-03-21,,0,NORMAL,37.64,,,115.0,,,,"[{""doc_id"": ""c6b9918802fdea5b"", ""ann_type"": ""下修类公告"", ""event_stage"": ""stage_4_implementation"", ""publish_date"": ""2026-03-21"", ""nodes"": [""trigger"", ""implementation""]}, {""doc_id"": ""30b7b208c8914e64"", ""ann_type"": ""下修类公告"", ""event_stage"": ""stage_unknown"", ""publish_date"": ""2026-03-14"", ""nodes"": [""trigger""]}]"
113670,金23转债,603180,金牌家居,redemption,False,trigger,"resolution,implementation,result",2026-03-14,,,,,0,NORMAL,37.64,,,115.0,,,,"[{""doc_id"": ""30b7b208c8914e64"", ""ann_type"": ""下修类公告"", ""event_stage"": ""stage_unknown"", ""publish_date"": ""2026-03-14"", ""nodes"": [""trigger""]}]"
113673,岱美转债,603730,上海岱美汽车内饰件股份有限公司,adjustment,False,trigger,"proposal,resolution,implementation",2026-05-21,,,,,0,NORMAL,,,,,,,,"[{""doc_id"": ""5fee231de3fbecf2"", ""ann_type"": ""强赎类公告"", ""event_stage"": ""stage_unknown"", ""publish_date"": ""2026-05-21"", ""nodes"": [""trigger""]}]"
113673,岱美转债,603730,上海岱美汽车内饰件股份有限公司,redemption,False,trigger,"resolution,implementation,result",2026-05-21,,,,,0,NORMAL,,,,,,,,"[{""doc_id"": ""5fee231de3fbecf2"", ""ann_type"": ""强赎类公告"", ""event_stage"": ""stage_unknown"", ""publish_date"": ""2026-05-21"", ""nodes"": [""trigger""]}]"
113679,芯能转债,603105,浙江芯能光伏科技股份有限公司,adjustment,False,"trigger,implementation","proposal,resolution",2026-05-12,,,2026-05-12,,0,NORMAL,12.75,,,,,,,"[{""doc_id"": ""8c59ea5cdd09e654"", ""ann_type"": ""下修类公告"", ""event_stage"": ""stage_4_implementation"", ""publish_date"": ""2026-05-12"", ""nodes"": [""trigger"", ""implementation""]}, {""doc_id"": ""f787a31b721c36dc"", ""ann_type"": ""下修类公告"", ""event_stage"": ""stage_unknown"", ""publish_date"": ""2026-04-30"", ""nodes"": [""trigger""]}]"
113682,益丰转债,603939,益丰药房,adjustment,False,trigger,"proposal,resolution,implementation",2026-02-03,,,,,0,NORMAL,31.84,,,,,,,"[{""doc_id"": ""c9399db5345aa847"", ""ann_type"": ""下修类公告"", ""event_stage"": ""stage_unknown"", ""publish_date"": ""2026-02-03"", ""nodes"": [""trigger""]}, {""doc_id"": ""facd99029aacd285"", ""ann_type"": ""下修类公告"", ""event_stage"": ""stage_unknown"", ""publish_date"": ""2026-05-20"", ""nodes"": [""trigger""]}]"
113686,泰瑞转债,603289,泰瑞机器,adjustment,False,"trigger,proposal","resolution,implementation",2026-05-20,2026-05-20,,,,0,NORMAL,,,,,,,,"[{""doc_id"": ""5788ec58612350cf"", ""ann_type"": ""强赎类公告"", ""event_stage"": ""stage_unknown"", ""publish_date"": ""2026-05-20"", ""nodes"": [""trigger"", ""proposal""]}]"
113686,泰瑞转债,603289,泰瑞机器,redemption,False,trigger,"resolution,implementation,result",2026-05-20,,,,,0,NORMAL,,,,,,,,"[{""doc_id"": ""5788ec58612350cf"", ""ann_type"": ""强赎类公告"", ""event_stage"": ""stage_unknown"", ""publish_date"": ""2026-05-20"", ""nodes"": [""trigger""]}]"
113693,志邦转债,603801,志邦家居,adjustment,False,"trigger,proposal,implementation",resolution,2026-04-13,2026-04-13,,2026-04-13,,0,NORMAL,11.52,,,,,,,"[{""doc_id"": ""30f18f27273a6ecb"", ""ann_type"": ""下修类公告"", ""event_stage"": ""stage_4_implementation"", ""publish_date"": ""2026-04-13"", ""nodes"": [""trigger"", ""proposal"", ""implementation""]}]"
113700,海天转债,603759,海天水务集团股份公司,adjustment,True,"trigger,proposal,resolution,implementation",,2026-03-27,2026-03-27,2026-03-27,2026-03-27,,0,NORMAL,,,,,,,,"[{""doc_id"": ""2d6652d08605b2cc"", ""ann_type"": ""下修类公告"", ""event_stage"": ""stage_4_implementation"", ""publish_date"": ""2026-03-27"", ""nodes"": [""trigger"", ""proposal"", ""resolution"", ""implementation""]}]"
113701,祥和转债,603500,祥和实业,adjustment,False,"trigger,implementation","proposal,resolution",2026-04-08,,,2026-04-08,,0,NORMAL,13.59,,,,,,,"[{""doc_id"": ""ce3804ed625a6ff8"", ""ann_type"": ""下修类公告"", ""event_stage"": ""stage_4_implementation"", ""publish_date"": ""2026-04-08"", ""nodes"": [""trigger"", ""implementation""]}]"
118004,博瑞转债,688166,博瑞医药,adjustment,False,"trigger,implementation","proposal,resolution",2026-05-19,,,2026-05-21,,2,NORMAL,,,,100.95,0.95,,,"[{""doc_id"": ""49f2ec0b5483ae87"", ""ann_type"": ""强赎类公告"", ""event_stage"": ""stage_unknown"", ""publish_date"": ""2026-05-19"", ""nodes"": [""trigger"", ""implementation""]}, {""doc_id"": ""a053dba6727e9082"", ""ann_type"": ""强赎类公告"", ""event_stage"": ""stage_unknown"", ""publish_date"": ""2026-05-20"", ""nodes"": [""trigger"", ""implementation""]}]"
118004,博瑞转债,688166,博瑞医药,redemption,False,"trigger,implementation,result",resolution,2026-05-19,,,2026-05-21,2026-05-22,3,NORMAL,,,,100.95,0.95,,,"[{""doc_id"": ""49f2ec0b5483ae87"", ""ann_type"": ""强赎类公告"", ""event_stage"": ""stage_unknown"", ""publish_date"": ""2026-05-19"", ""nodes"": [""trigger"", ""implementation"", ""result""]}, {""doc_id"": ""86363f3c02abd095"", ""ann_type"": ""强赎类公告"", ""event_stage"": ""stage_unknown"", ""publish_date"": ""2026-05-21"", ""nodes"": [""trigger"", ""implementation"", ""result""]}, {""doc_id"": ""a053dba6727e9082"", ""ann_type"": ""强赎类公告"", ""event_stage"": ""stage_unknown"", ""publish_date"": ""2026-05-20"", ""nodes"": [""trigger"", ""implementation"", ""result""]}]"
118005,天奈转债,688116,天奈科技,adjustment,False,"trigger,implementation","proposal,resolution",2026-05-20,,,2026-05-20,,0,NORMAL,99.09,,,,,,,"[{""doc_id"": ""ac723f21d41a4720"", ""ann_type"": ""下修类公告"", ""event_stage"": ""stage_4_implementation"", ""publish_date"": ""2026-05-20"", ""nodes"": [""trigger"", ""implementation""]}]"
118011,银微转债,688689,银河微电,redemption,False,trigger,"resolution,implementation,result",2026-05-29,,,,,0,NORMAL,,,,,,,,"[{""doc_id"": ""613d871d50a513ea"", ""ann_type"": ""强赎类公告"", ""event_stage"": ""stage_unknown"", ""publish_date"": ""2026-05-29"", ""nodes"": [""trigger""]}]"
118015,芯海转债,688595,芯海科技,adjustment,False,trigger,"proposal,resolution,implementation",2026-05-23,,,,,0,NORMAL,55.22,,,,,,,"[{""doc_id"": ""58170d7a817f8644"", ""ann_type"": ""下修类公告"", ""event_stage"": ""stage_unknown"", ""publish_date"": ""2026-05-23"", ""nodes"": [""trigger""]}]"
118018,瑞科转债,688323,深圳瑞华泰薄膜科技股份有限公司,adjustment,False,"trigger,proposal,implementation",resolution,2026-03-17,2026-03-17,,2026-04-14,,28,NORMAL,30.91,21.0,,,,,,"[{""doc_id"": ""6888fe19d4b3c8db"", ""ann_type"": ""下修类公告"", ""event_stage"": ""stage_unknown"", ""publish_date"": ""2026-03-17"", ""nodes"": [""trigger"", ""proposal""]}, {""doc_id"": ""07a2238b875c94a8"", ""ann_type"": ""强赎类公告"", ""event_stage"": ""stage_unknown"", ""publish_date"": ""2026-05-21"", ""nodes"": [""trigger""]}, {""doc_id"": ""36dc089a0ce95383"", ""ann_type"": ""下修类公告"", ""event_stage"": ""stage_4_implementation"", ""publish_date"": ""2026-04-11"", ""nodes"": [""trigger"", ""proposal"", ""implementation""]}]"
118018,瑞科转债,688323,瑞华泰,redemption,False,trigger,"resolution,implementation,result",2026-05-21,,,,,0,NORMAL,30.91,21.0,,,,,,"[{""doc_id"": ""07a2238b875c94a8"", ""ann_type"": ""强赎类公告"", ""event_stage"": ""stage_unknown"", ""publish_date"": ""2026-05-21"", ""nodes"": [""trigger""]}]"
118020,芳源转债,688148,芳源股份,adjustment,False,"trigger,proposal,implementation",resolution,2026-04-25,2026-05-07,,2026-01-23,,104,LONG,18.63,14.0,25.5,,,,,"[{""doc_id"": ""483ec5ad5bd2eae7"", ""ann_type"": ""下修类公告"", ""event_stage"": ""stage_unknown"", ""publish_date"": ""2026-04-25"", ""nodes"": [""trigger"", ""implementation""]}, {""doc_id"": ""82a33f15dc773322"", ""ann_type"": ""下修类公告"", ""event_stage"": ""stage_unknown"", ""publish_date"": ""2026-02-06"", ""nodes"": [""trigger"", ""implementation""]}, {""doc_id"": ""ed4cf8527ccf3bad"", ""ann_type"": ""下修类公告"", ""event_stage"": ""stage_4_implementation"", ""publish_date"": ""2026-05-07"", ""nodes"": [""trigger"", ""proposal"", ""implementation""]}, {""doc_id"": ""a875a4ef61c894ac"", ""ann_type"": ""下修类公告"", ""event_stage"": ""stage_unknown"", ""publish_date"": ""2025-12-26"", ""nodes"": [""trigger""]}]"
118022,锂科转债,688779,五矿新能,adjustment,False,"trigger,proposal,implementation",resolution,2026-03-14,2026-03-14,,2026-09-15,,185,LONG,15.53,,,,,,,"[{""doc_id"": ""429fdb10834e923f"", ""ann_type"": ""下修类公告"", ""event_stage"": ""stage_4_implementation"", ""publish_date"": ""2026-03-14"", ""nodes"": [""trigger"", ""proposal"", ""implementation""]}, {""doc_id"": ""c716a994617c3491"", ""ann_type"": ""下修类公告"", ""event_stage"": ""stage_unknown"", ""publish_date"": ""2026-03-07"", ""nodes"": [""trigger""]}]"
118024,冠宇转债,688772,珠海冠宇,adjustment,True,"trigger,proposal,resolution,implementation",,2026-03-21,2026-03-21,2026-03-21,2026-03-21,,0,NORMAL,22.89,,,,,,,"[{""doc_id"": ""15c8db470b26e087"", ""ann_type"": ""下修类公告"", ""event_stage"": ""stage_4_implementation"", ""publish_date"": ""2026-03-21"", ""nodes"": [""trigger"", ""proposal"", ""resolution"", ""implementation""]}, {""doc_id"": ""a3497d9d78f3df8e"", ""ann_type"": ""下修类公告"", ""event_stage"": ""stage_4_implementation"", ""publish_date"": ""2026-02-28"", ""nodes"": [""trigger"", ""proposal"", ""implementation""]}]"
118027,宏图转债,688066,航天宏图,adjustment,False,"trigger,proposal,implementation",resolution,2026-03-19,2026-03-03,,2026-03-20,,17,NORMAL,40.94,24.55,40.07,,,22.29,,"[{""doc_id"": ""1b9272a66b161a74"", ""ann_type"": ""下修类公告"", ""event_stage"": ""stage_4_implementation"", ""publish_date"": ""2026-03-19"", ""nodes"": [""trigger"", ""implementation""]}, {""doc_id"": ""30a2cdd854e250b2"", ""ann_type"": ""下修类公告"", ""event_stage"": ""stage_unknown"", ""publish_date"": ""2026-05-28"", ""nodes"": [""trigger""]}, {""doc_id"": ""d2617ecba733016f"", ""ann_type"": ""下修类公告"", ""event_stage"": ""stage_unknown"", ""publish_date"": ""2026-04-04"", ""nodes"": [""trigger""]}, {""doc_id"": ""e0b0e027ff9b0bc6"", ""ann_type"": ""下修类公告"", ""event_stage"": ""stage_4_implementation"", ""publish_date"": ""2026-03-03"", ""nodes"": [""trigger"", ""proposal"", ""implementation""]}, {""doc_id"": ""e3e990d1c85a2df3"", ""ann_type"": ""下修类公告"", ""event_stage"": ""stage_unknown"", ""publish_date"": ""2026-02-14"", ""nodes"": [""trigger""]}, {""doc_id"": ""ac0352edb2efe5ad"", ""ann_type"": ""下修类公告"", ""event_stage"": ""stage_4_implementation"", ""publish_date"": ""2026-04-14"", ""nodes"": [""trigger"", ""proposal"", ""implementation""]}]"
118033,华特转债,688268,华特气体,redemption,False,"trigger,implementation,result",resolution,2026-05-29,,,2026-06-09,2026-06-10,12,NORMAL,,,,100.33,3.33,,,"[{""doc_id"": ""896143262cebc9bc"", ""ann_type"": ""强赎类公告"", ""event_stage"": ""stage_unknown"", ""publish_date"": ""2026-05-29"", ""nodes"": [""trigger"", ""implementation"", ""result""]}, {""doc_id"": ""7472b9d5cf07a417"", ""ann_type"": ""强赎类公告"", ""event_stage"": ""stage_unknown"", ""publish_date"": ""2026-05-30"", ""nodes"": [""trigger"", ""implementation"", ""result""]}, {""doc_id"": ""d511d61712d90244"", ""ann_type"": ""强赎类公告"", ""event_stage"": ""stage_unknown"", ""publish_date"": ""2026-05-28"", ""nodes"": [""trigger"", ""implementation"", ""result""]}]"
118041,星球转债,688633,星球石墨,redemption,False,"trigger,implementation,result",resolution,2026-05-30,,,2026-06-09,2026-06-10,11,NORMAL,,,,100.86,,,,"[{""doc_id"": ""6792871c302a7ea5"", ""ann_type"": ""强赎类公告"", ""event_stage"": ""stage_unknown"", ""publish_date"": ""2026-05-30"", ""nodes"": [""trigger"", ""implementation"", ""result""]}, {""doc_id"": ""70876cf91b6c5ac8"", ""ann_type"": ""强赎类公告"", ""event_stage"": ""stage_unknown"", ""publish_date"": ""2026-05-29"", ""nodes"": [""trigger"", ""implementation"", ""result""]}]"
118053,正帆转债,688596,上海正帆科技股份有限公司,adjustment,True,"trigger,proposal,resolution,implementation",,2026-03-24,2026-03-24,2026-03-24,2026-03-24,,0,NORMAL,38.45,,,,,,,"[{""doc_id"": ""1fb17fd4938c055a"", ""ann_type"": ""下修类公告"", ""event_stage"": ""stage_4_implementation"", ""publish_date"": ""2026-03-24"", ""nodes"": [""trigger"", ""proposal"", ""resolution"", ""implementation""]}, {""doc_id"": ""e9d9efab2bd25565"", ""ann_type"": ""下修类公告"", ""event_stage"": ""stage_unknown"", ""publish_date"": ""2026-03-17"", ""nodes"": [""trigger""]}]"
118061,茂莱转债,688502,南京茂莱光学科技股份有限公司,adjustment,False,trigger,"proposal,resolution,implementation",2026-04-04,,,,,0,NORMAL,364.43,,15.0,,,,,"[{""doc_id"": ""977422048f1817d8"", ""ann_type"": ""下修类公告"", ""event_stage"": ""stage_unknown"", ""publish_date"": ""2026-04-04"", ""nodes"": [""trigger""]}]"
118065,艾为转债,688798,艾为电子,adjustment,False,"trigger,proposal,implementation",resolution,2026-04-16,2026-04-16,,2026-04-16,,0,NORMAL,79.83,,,,,,,"[{""doc_id"": ""7a6ef475d625cdb6"", ""ann_type"": ""下修类公告"", ""event_stage"": ""stage_4_implementation"", ""publish_date"": ""2026-04-16"", ""nodes"": [""trigger"", ""proposal"", ""implementation""]}]"
118066,统联转债,688210,深圳市泛海统联精密制造股份有限公司,adjustment,True,"trigger,proposal,resolution,implementation",,2026-04-11,2026-04-11,2026-04-11,2026-04-11,,0,NORMAL,56.2,,,,,,,"[{""doc_id"": ""c8fa642cb800f224"", ""ann_type"": ""下修类公告"", ""event_stage"": ""stage_4_implementation"", ""publish_date"": ""2026-04-11"", ""nodes"": [""trigger"", ""proposal"", ""resolution"", ""implementation""]}, {""doc_id"": ""f5f1bf70c175b595"", ""ann_type"": ""下修类公告"", ""event_stage"": ""stage_unknown"", ""publish_date"": ""2026-04-03"", ""nodes"": [""trigger"", ""proposal""]}]"
118067,上26转债,688533,上声电子,adjustment,False,"trigger,proposal,implementation",resolution,2026-04-04,2026-04-04,,2026-04-10,,6,NORMAL,32.6,,,,,,,"[{""doc_id"": ""60dd6f5d7a842203"", ""ann_type"": ""下修类公告"", ""event_stage"": ""stage_unknown"", ""publish_date"": ""2026-04-04"", ""nodes"": [""trigger"", ""proposal""]}, {""doc_id"": ""6075f01064448041"", ""ann_type"": ""下修类公告"", ""event_stage"": ""stage_4_implementation"", ""publish_date"": ""2026-04-10"", ""nodes"": [""trigger"", ""proposal"", ""implementation""]}]"
123054,思特转债,300608,思特奇,adjustment,False,trigger,"proposal,resolution,implementation",2026-05-18,,,,,0,NORMAL,,,,102.9,2.9,,,"[{""doc_id"": ""2d69cf53599ce783"", ""ann_type"": ""强赎类公告"", ""event_stage"": ""stage_unknown"", ""publish_date"": ""2026-05-18"", ""nodes"": [""trigger""]}]"
123054,思特转债,300608,思特奇,redemption,False,"trigger,implementation,result",resolution,2026-05-18,,,2026-05-28,2026-05-26,10,NORMAL,,,,102.9,2.9,,,"[{""doc_id"": ""2d69cf53599ce783"", ""ann_type"": ""强赎类公告"", ""event_stage"": ""stage_unknown"", ""publish_date"": ""2026-05-18"", ""nodes"": [""trigger"", ""implementation""]}, {""doc_id"": ""379e88769409d3a1"", ""ann_type"": ""强赎类公告"", ""event_stage"": ""stage_unknown"", ""publish_date"": ""2026-05-27"", ""nodes"": [""trigger"", ""implementation""]}, {""doc_id"": ""9565e8e111d841ee"", ""ann_type"": ""强赎类公告"", ""event_stage"": ""stage_unknown"", ""publish_date"": ""2026-05-22"", ""nodes"": [""trigger"", ""implementation""]}, {""doc_id"": ""73fe08a00095ca35"", ""ann_type"": ""强赎类公告"", ""event_stage"": ""stage_unknown"", ""publish_date"": ""2026-05-26"", ""nodes"": [""trigger"", ""implementation""]}, {""doc_id"": ""76014e395eed6b69"", ""ann_type"": ""强赎类公告"", ""event_stage"": ""stage_unknown"", ""publish_date"": ""2026-05-20"", ""nodes"": [""trigger"", ""implementation""]}, {""doc_id"": ""ffd7606a4f271607"", ""ann_type"": ""强赎类公告"", ""event_stage"": ""stage_unknown"", ""publish_date"": ""2026-05-19"", ""nodes"": [""trigger"", ""implementation""]}, {""doc_id"": ""9d691e1ceab20752"", ""ann_type"": ""强赎类公告"", ""event_stage"": ""stage_unknown"", ""publish_date"": ""2026-05-28"", ""nodes"": [""trigger"", ""implementation"", ""result""]}, {""doc_id"": ""b5616ba1cc2a07ac"", ""ann_type"": ""强赎类公告"", ""event_stage"": ""stage_unknown"", ""publish_date"": ""2026-05-21"", ""nodes"": [""trigger"", ""implementation""]}]"
123061,航新转债,300424,航新科技,redemption,False,"trigger,implementation","resolution,result",2026-05-26,,,2026-07-21,,56,NORMAL,,,,,,,,"[{""doc_id"": ""928143126cc465fb"", ""ann_type"": ""强赎类公告"", ""event_stage"": ""stage_unknown"", ""publish_date"": ""2026-05-26"", ""nodes"": [""trigger"", ""implementation""]}]"
123064,万孚转债,300482,万孚生物,adjustment,False,"trigger,proposal,resolution",implementation,2025-12-22,2025-12-22,2025-12-22,,,0,NORMAL,,,,,,,,"[{""doc_id"": ""2c51a22dc39055c4"", ""ann_type"": ""下修类公告"", ""event_stage"": ""stage_unknown"", ""publish_date"": ""2025-12-22"", ""nodes"": [""trigger"", ""proposal"", ""resolution""]}]"
123065,宝莱转债,300246,宝莱特,adjustment,False,"trigger,proposal,implementation",resolution,2026-04-29,2026-05-26,,2026-03-17,,70,NORMAL,23.97,23.8,0.71,,,14.91,,"[{""doc_id"": ""4e3667ca0a37407a"", ""ann_type"": ""下修类公告"", ""event_stage"": ""stage_unknown"", ""publish_date"": ""2026-04-29"", ""nodes"": [""trigger"", ""implementation""]}, {""doc_id"": ""7b8ad5e3a4cd94c8"", ""ann_type"": ""下修类公告"", ""event_stage"": ""stage_4_implementation"", ""publish_date"": ""2026-03-16"", ""nodes"": [""trigger"", ""implementation""]}, {""doc_id"": ""d04be78f22eaf359"", ""ann_type"": ""下修类公告"", ""event_stage"": ""stage_4_implementation"", ""publish_date"": ""2026-05-11"", ""nodes"": [""trigger"", ""implementation""]}, {""doc_id"": ""f0ee84990b89ed5d"", ""ann_type"": ""下修类公告"", ""event_stage"": ""stage_unknown"", ""publish_date"": ""2025-12-22"", ""nodes"": [""trigger""]}, {""doc_id"": ""bc5c28a0a2ea7a6d"", ""ann_type"": ""下修类公告"", ""event_stage"": ""stage_unknown"", ""publish_date"": ""2026-05-26"", ""nodes"": [""trigger"", ""proposal""]}]"
123071,天能转债,300569,天能重工,adjustment,True,"trigger,proposal,resolution,implementation",,2026-05-25,2025-12-24,2025-12-24,2025-12-24,,152,LONG,7.47,6.7,,,,,,"[{""doc_id"": ""c5396ffaffe7f241"", ""ann_type"": ""下修类公告"", ""event_stage"": ""stage_unknown"", ""publish_date"": ""2026-05-25"", ""nodes"": [""trigger""]}, {""doc_id"": ""5c1850408d069479"", ""ann_type"": ""下修类公告"", ""event_stage"": ""stage_unknown"", ""publish_date"": ""2025-12-24"", ""nodes"": [""trigger"", ""proposal"", ""resolution"", ""implementation""]}]"
123072,乐歌转债,300729,乐歌股份,adjustment,False,trigger,"proposal,resolution,implementation",2025-12-12,,,,,0,NORMAL,32.91,,15.01,,,,,"[{""doc_id"": ""42f8d8a6f1f4a701"", ""ann_type"": ""下修类公告"", ""event_stage"": ""stage_unknown"", ""publish_date"": ""2025-12-12"", ""nodes"": [""trigger""]}]"
123090,三诺转债,300298,三诺生物,adjustment,False,trigger,"proposal,resolution,implementation",2026-01-06,,,,,0,NORMAL,34.46,,,,,,,"[{""doc_id"": ""f80777bbf60f4d82"", ""ann_type"": ""下修类公告"", ""event_stage"": ""stage_unknown"", ""publish_date"": ""2026-01-06"", ""nodes"": [""trigger""]}]"
123104,卫宁转债,300253,卫宁健康,adjustment,False,"trigger,proposal,implementation",resolution,2026-03-11,2026-03-11,,2026-03-11,,0,NORMAL,17.31,9.43,,,,,,"[{""doc_id"": ""0e492db366e04dd2"", ""ann_type"": ""下修类公告"", ""event_stage"": ""stage_4_implementation"", ""publish_date"": ""2026-03-11"", ""nodes"": [""trigger"", ""proposal"", ""implementation""]}, {""doc_id"": ""8d9accbf4ff7258d"", ""ann_type"": ""下修类公告"", ""event_stage"": ""stage_unknown"", ""publish_date"": ""2026-03-04"", ""nodes"": [""trigger"", ""proposal""]}, {""doc_id"": ""32aa4873314cd3f9"", ""ann_type"": ""下修类公告"", ""event_stage"": ""stage_4_implementation"", ""publish_date"": ""2026-03-27"", ""nodes"": [""trigger"", ""proposal"", ""implementation""]}]"
123109,昌红转债,300151,昌红科技,adjustment,False,"trigger,implementation","proposal,resolution",2026-04-28,,,2026-04-28,,0,NORMAL,26.72,,,,,,,"[{""doc_id"": ""05e842f296bf08a9"", ""ann_type"": ""下修类公告"", ""event_stage"": ""stage_4_implementation"", ""publish_date"": ""2026-04-28"", ""nodes"": [""trigger"", ""implementation""]}, {""doc_id"": ""9fe627b9efaa32f9"", ""ann_type"": ""下修类公告"", ""event_stage"": ""stage_unknown"", ""publish_date"": ""2026-04-21"", ""nodes"": [""trigger""]}]"
123117,健帆转债,300529,健帆生物科技集团股份有限公司,adjustment,False,"trigger,proposal,implementation",resolution,2026-05-08,2026-04-07,,2026-05-08,,31,NORMAL,38.65,,,,,,,"[{""doc_id"": ""033306497d0154b5"", ""ann_type"": ""下修类公告"", ""event_stage"": ""stage_4_implementation"", ""publish_date"": ""2026-05-08"", ""nodes"": [""trigger"", ""implementation""]}, {""doc_id"": ""3c90e81f0fc23ba2"", ""ann_type"": ""下修类公告"", ""event_stage"": ""stage_4_implementation"", ""publish_date"": ""2026-04-14"", ""nodes"": [""trigger"", ""implementation""]}, {""doc_id"": ""a4cc2809a81926ef"", ""ann_type"": ""下修类公告"", ""event_stage"": ""stage_unknown"", ""publish_date"": ""2026-04-28"", ""nodes"": [""trigger""]}, {""doc_id"": ""ff5b2500d2d7dc09"", ""ann_type"": ""下修类公告"", ""event_stage"": ""stage_unknown"", ""publish_date"": ""2026-04-07"", ""nodes"": [""trigger"", ""proposal""]}]"
123118,惠城转债,300779,青岛惠城环保科技集团股份有限公司,adjustment,False,trigger,"proposal,resolution,implementation",2026-05-19,,,,,0,NORMAL,,,,,,,,"[{""doc_id"": ""d13a960f701cf7de"", ""ann_type"": ""强赎类公告"", ""event_stage"": ""stage_unknown"", ""publish_date"": ""2026-05-19"", ""nodes"": [""trigger""]}]"
123118,惠城转债,300779,青岛惠城环保科技集团股份有限公司,redemption,False,"trigger,implementation","resolution,result",2026-05-19,,,2027-07-06,,413,LONG,,,,,,,,"[{""doc_id"": ""d13a960f701cf7de"", ""ann_type"": ""强赎类公告"", ""event_stage"": ""stage_unknown"", ""publish_date"": ""2026-05-19"", ""nodes"": [""trigger"", ""implementation""]}]"
123121,帝尔转债,300776,帝尔激光,adjustment,False,trigger,"proposal,resolution,implementation",2026-05-19,,,,,0,NORMAL,,,,102.07,2.07,,,"[{""doc_id"": ""8afd149caf064f57"", ""ann_type"": ""强赎类公告"", ""event_stage"": ""stage_unknown"", ""publish_date"": ""2026-05-19"", ""nodes"": [""trigger""]}, {""doc_id"": ""cdf614a9794f144b"", ""ann_type"": ""强赎类公告"", ""event_stage"": ""stage_unknown"", ""publish_date"": ""2026-05-28"", ""nodes"": [""trigger""]}]"
123121,帝尔转债,300776,武汉帝尔激光科技股份有限公司,redemption,False,"trigger,implementation,result",resolution,2026-05-26,,,2026-06-02,2026-06-10,15,NORMAL,,,,102.07,2.07,,,"[{""doc_id"": ""3f305542a7fe862f"", ""ann_type"": ""强赎类公告"", ""event_stage"": ""stage_unknown"", ""publish_date"": ""2026-05-26"", ""nodes"": [""trigger"", ""implementation"", ""result""]}, {""doc_id"": ""6a5a719aa7ea0117"", ""ann_type"": ""强赎类公告"", ""event_stage"": ""stage_unknown"", ""publish_date"": ""2026-06-01"", ""nodes"": [""trigger"", ""implementation""]}, {""doc_id"": ""8afd149caf064f57"", ""ann_type"": ""强赎类公告"", ""event_stage"": ""stage_unknown"", ""publish_date"": ""2026-05-19"", ""nodes"": [""trigger"", ""implementation""]}, {""doc_id"": ""bac11fb39a354ef6"", ""ann_type"": ""强赎类公告"", ""event_stage"": ""stage_unknown"", ""publish_date"": ""2026-05-22"", ""nodes"": [""trigger"", ""implementation"", ""result""]}, {""doc_id"": ""cdf614a9794f144b"", ""ann_type"": ""强赎类公告"", ""event_stage"": ""stage_unknown"", ""publish_date"": ""2026-05-28"", ""nodes"": [""trigger"", ""implementation"", ""result""]}, {""doc_id"": ""6152e4bd359538d1"", ""ann_type"": ""强赎类公告"", ""event_stage"": ""stage_unknown"", ""publish_date"": ""2026-05-29"", ""nodes"": [""trigger"", ""implementation""]}, {""doc_id"": ""76eb5461615d114c"", ""ann_type"": ""强赎类公告"", ""event_stage"": ""stage_unknown"", ""publish_date"": ""2026-05-20"", ""nodes"": [""trigger"", ""implementation""]}, {""doc_id"": ""d130d838579a492e"", ""ann_type"": ""强赎类公告"", ""event_stage"": ""stage_unknown"", ""publish_date"": ""2026-05-27"", ""nodes"": [""trigger"", ""implementation"", ""result""]}, {""doc_id"": ""d3420c0f826ab9b7"", ""ann_type"": ""强赎类公告"", ""event_stage"": ""stage_unknown"", ""publish_date"": ""2026-05-21"", ""nodes"": [""trigger"", ""implementation""]}, {""doc_id"": ""faaf91c195a8e55c"", ""ann_type"": ""强赎类公告"", ""event_stage"": ""stage_unknown"", ""publish_date"": ""2026-05-25"", ""nodes"": [""trigger"", ""implementation""]}, {""doc_id"": ""9e8f30ceea49b9c9"", ""ann_type"": ""强赎类公告"", ""event_stage"": ""stage_unknown"", ""publish_date"": ""2026-05-18"", ""nodes"": [""trigger"", ""implementation""]}]"
123122,富瀚转债,300613,富瀚微,adjustment,False,"trigger,implementation","proposal,resolution",2026-05-19,,,2026-05-19,,0,NORMAL,91.69,,,,,,,"[{""doc_id"": ""42b34ecf8148f806"", ""ann_type"": ""下修类公告"", ""event_stage"": ""stage_4_implementation"", ""publish_date"": ""2026-05-19"", ""nodes"": [""trigger"", ""implementation""]}, {""doc_id"": ""df38aa157fb374c0"", ""ann_type"": ""下修类公告"", ""event_stage"": ""stage_unknown"", ""publish_date"": ""2026-05-12"", ""nodes"": [""trigger""]}]"
123126,瑞丰转债,300243,瑞丰高材,adjustment,False,trigger,"proposal,resolution,implementation",2026-05-22,,,,,0,NORMAL,,,,102.53,,,,"[{""doc_id"": ""5a5408cb5d0cf8d8"", ""ann_type"": ""强赎类公告"", ""event_stage"": ""stage_unknown"", ""publish_date"": ""2026-05-22"", ""nodes"": [""trigger""]}, {""doc_id"": ""21c308373e7ca242"", ""ann_type"": ""强赎类公告"", ""event_stage"": ""stage_unknown"", ""publish_date"": ""2026-05-18"", ""nodes"": [""trigger""]}, {""doc_id"": ""33d8149824f14d86"", ""ann_type"": ""强赎类公告"", ""event_stage"": ""stage_unknown"", ""publish_date"": ""2026-05-28"", ""nodes"": [""trigger""]}]"
123126,瑞丰转债,300243,瑞丰高材,redemption,False,"trigger,implementation,result",resolution,2026-05-21,,,2026-05-29,2026-06-01,11,NORMAL,,,,102.53,2.53,,,"[{""doc_id"": ""422a436023d3615f"", ""ann_type"": ""强赎类公告"", ""event_stage"": ""stage_unknown"", ""publish_date"": ""2026-05-21"", ""nodes"": [""trigger"", ""implementation"", ""result""]}, {""doc_id"": ""4a0bd96c7ce1749b"", ""ann_type"": ""强赎类公告"", ""event_stage"": ""stage_unknown"", ""publish_date"": ""2026-05-27"", ""nodes"": [""trigger"", ""implementation""]}, {""doc_id"": ""541c09be302aa9b2"", ""ann_type"": ""强赎类公告"", ""event_stage"": ""stage_unknown"", ""publish_date"": ""2026-05-19"", ""nodes"": [""trigger"", ""implementation""]}, {""doc_id"": ""5a5408cb5d0cf8d8"", ""ann_type"": ""强赎类公告"", ""event_stage"": ""stage_unknown"", ""publish_date"": ""2026-05-22"", ""nodes"": [""implementation"", ""result""]}, {""doc_id"": ""d7d70d9f245719a6"", ""ann_type"": ""强赎类公告"", ""event_stage"": ""stage_unknown"", ""publish_date"": ""2026-05-26"", ""nodes"": [""trigger"", ""implementation""]}, {""doc_id"": ""dcf36d61a4061f13"", ""ann_type"": ""强赎类公告"", ""event_stage"": ""stage_unknown"", ""publish_date"": ""2026-05-29"", ""nodes"": [""trigger"", ""implementation""]}, {""doc_id"": ""e1700a1fc45f3b7c"", ""ann_type"": ""强赎类公告"", ""event_stage"": ""stage_unknown"", ""publish_date"": ""2026-05-20"", ""nodes"": [""trigger"", ""implementation""]}, {""doc_id"": ""ec52b5e2cd98be32"", ""ann_type"": ""强赎类公告"", ""event_stage"": ""stage_unknown"", ""publish_date"": ""2026-05-25"", ""nodes"": [""trigger"", ""implementation""]}, {""doc_id"": ""21c308373e7ca242"", ""ann_type"": ""强赎类公告"", ""event_stage"": ""stage_unknown"", ""publish_date"": ""2026-05-18"", ""nodes"": [""trigger""]}, {""doc_id"": ""33d8149824f14d86"", ""ann_type"": ""强赎类公告"", ""event_stage"": ""stage_unknown"", ""publish_date"": ""2026-05-28"", ""nodes"": []}]"
123138,丝路转债,300556,丝路视觉,adjustment,False,"trigger,implementation","proposal,resolution",2026-04-25,,,2026-04-25,,0,NORMAL,26.53,,,,,,,"[{""doc_id"": ""97e338f5eaa324c1"", ""ann_type"": ""下修类公告"", ""event_stage"": ""stage_4_implementation"", ""publish_date"": ""2026-04-25"", ""nodes"": [""trigger"", ""implementation""]}]"
123142,申昊转债,300853,申昊科技,adjustment,False,"trigger,proposal,resolution",implementation,2025-12-10,2025-12-10,2025-12-10,,,0,NORMAL,33.71,,,,,,,"[{""doc_id"": ""2b67bff6fcaa2b31"", ""ann_type"": ""下修类公告"", ""event_stage"": ""stage_unknown"", ""publish_date"": ""2025-12-10"", ""nodes"": [""trigger"", ""proposal"", ""resolution""]}]"
123144,裕兴转债,300305,裕兴股份,adjustment,False,"trigger,proposal,implementation",resolution,2026-04-27,2026-05-07,,2026-01-14,,113,LONG,12.49,8.5,31.95,,,,,"[{""doc_id"": ""7f769513dd37d3a7"", ""ann_type"": ""下修类公告"", ""event_stage"": ""stage_unknown"", ""publish_date"": ""2026-04-27"", ""nodes"": [""trigger"", ""implementation""]}, {""doc_id"": ""25277fb974543b2a"", ""ann_type"": ""下修类公告"", ""event_stage"": ""stage_4_implementation"", ""publish_date"": ""2026-05-07"", ""nodes"": [""trigger"", ""proposal"", ""implementation""]}, {""doc_id"": ""25ea1085dc5b83f6"", ""ann_type"": ""下修类公告"", ""event_stage"": ""stage_unknown"", ""publish_date"": ""2025-12-11"", ""nodes"": [""trigger"", ""proposal""]}]"
123150,九强转债,300406,九强生物,adjustment,True,"trigger,proposal,resolution,implementation",,2026-04-27,2026-04-27,2026-04-27,2026-04-28,,1,NORMAL,16.48,12.3,25.5,,,11.7,,"[{""doc_id"": ""f42507a7ecf3e5c6"", ""ann_type"": ""下修类公告"", ""event_stage"": ""stage_4_implementation"", ""publish_date"": ""2026-04-27"", ""nodes"": [""trigger"", ""proposal"", ""resolution"", ""implementation""]}, {""doc_id"": ""f1bc3297bea85b13"", ""ann_type"": ""下修类公告"", ""event_stage"": ""stage_unknown"", ""publish_date"": ""2026-04-01"", ""nodes"": [""trigger"", ""proposal""]}, {""doc_id"": ""a9a000a0b60bcf11"", ""ann_type"": ""下修类公告"", ""event_stage"": ""stage_unknown"", ""publish_date"": ""2026-04-09"", ""nodes"": [""trigger"", ""proposal""]}]"
123151,康医转债,300869,康泰医学系统（秦皇岛）股份有限公司,adjustment,False,"trigger,proposal,implementation",resolution,2026-04-17,2026-04-10,,2026-04-17,,7,NORMAL,27.55,,,,,,,"[{""doc_id"": ""544b0c772e7fa8a6"", ""ann_type"": ""下修类公告"", ""event_stage"": ""stage_4_implementation"", ""publish_date"": ""2026-04-17"", ""nodes"": [""trigger"", ""implementation""]}, {""doc_id"": ""69d6e0be7be6ded6"", ""ann_type"": ""下修类公告"", ""event_stage"": ""stage_unknown"", ""publish_date"": ""2026-04-10"", ""nodes"": [""trigger"", ""proposal""]}]"
123157,科蓝转债,300663,科蓝软件,adjustment,False,"trigger,proposal,implementation",resolution,2026-05-19,2026-05-19,,2026-05-06,,13,NORMAL,16.01,13.2,17.55,,,12.7,,"[{""doc_id"": ""683fcc08e2416297"", ""ann_type"": ""下修类公告"", ""event_stage"": ""stage_unknown"", ""publish_date"": ""2026-05-19"", ""nodes"": [""trigger"", ""proposal"", ""implementation""]}, {""doc_id"": ""69aa3d4e30ce85f4"", ""ann_type"": ""下修类公告"", ""event_stage"": ""stage_4_implementation"", ""publish_date"": ""2026-04-30"", ""nodes"": [""trigger"", ""implementation""]}, {""doc_id"": ""cc65869cfd0703c4"", ""ann_type"": ""下修类公告"", ""event_stage"": ""stage_unknown"", ""publish_date"": ""2026-04-14"", ""nodes"": [""trigger"", ""proposal""]}, {""doc_id"": ""d253742c0a5a7ad8"", ""ann_type"": ""下修类公告"", ""event_stage"": ""stage_unknown"", ""publish_date"": ""2026-05-26"", ""nodes"": [""trigger"", ""proposal""]}, {""doc_id"": ""b9efa2cfd68a7a88"", ""ann_type"": ""下修类公告"", ""event_stage"": ""stage_unknown"", ""publish_date"": ""2026-04-07"", ""nodes"": [""trigger""]}]"
123160,泰福转债,300992,泰福泵业,redemption,False,trigger,"resolution,implementation,result",2026-05-19,,,,,0,NORMAL,,,,,,,,"[{""doc_id"": ""60ec7680640eb727"", ""ann_type"": ""强赎类公告"", ""event_stage"": ""stage_unknown"", ""publish_date"": ""2026-05-19"", ""nodes"": [""trigger""]}]"
123165,回天转债,300041,回天新材,adjustment,False,"trigger,proposal","resolution,implementation",2026-01-27,2026-01-27,,,,0,NORMAL,15.2,,,,,,,"[{""doc_id"": ""3c40a15c7a155501"", ""ann_type"": ""下修类公告"", ""event_stage"": ""stage_unknown"", ""publish_date"": ""2026-01-27"", ""nodes"": [""trigger"", ""proposal""]}]"
123168,惠云转债,300891,惠云钛业,adjustment,False,"trigger,proposal","resolution,implementation",2025-12-15,2025-12-15,,,,0,NORMAL,10.74,,,,,,,"[{""doc_id"": ""2412577bf67e93b8"", ""ann_type"": ""下修类公告"", ""event_stage"": ""stage_unknown"", ""publish_date"": ""2025-12-15"", ""nodes"": [""trigger"", ""proposal""]}]"
123171,共同转债,300966,共同药业,adjustment,False,"trigger,proposal","resolution,implementation",2026-04-07,2026-04-07,,,,0,NORMAL,,,,,,,,"[{""doc_id"": ""f9593cbe9fbcf5ac"", ""ann_type"": ""下修类公告"", ""event_stage"": ""stage_unknown"", ""publish_date"": ""2026-04-07"", ""nodes"": [""trigger"", ""proposal""]}]"
123175,百畅转债,300614,百川畅银,adjustment,False,"trigger,implementation","proposal,resolution",2026-04-14,,,2026-04-14,,0,NORMAL,20.4,,,,,,,"[{""doc_id"": ""a9eb83a1e2c2e387"", ""ann_type"": ""下修类公告"", ""event_stage"": ""stage_4_implementation"", ""publish_date"": ""2026-04-14"", ""nodes"": [""trigger"", ""implementation""]}, {""doc_id"": ""2122629dadd2e3fc"", ""ann_type"": ""下修类公告"", ""event_stage"": ""stage_unknown"", ""publish_date"": ""2025-12-16"", ""nodes"": [""trigger""]}, {""doc_id"": ""2b6ba00efed4fbe6"", ""ann_type"": ""下修类公告"", ""event_stage"": ""stage_unknown"", ""publish_date"": ""2026-04-07"", ""nodes"": [""trigger""]}]"
123179,立高转债,300973,立高食品,adjustment,True,"trigger,proposal,resolution,implementation",,2026-04-27,2026-05-07,2026-05-07,2026-05-07,,10,NORMAL,95.13,,,,,,,"[{""doc_id"": ""99b22ce084405367"", ""ann_type"": ""下修类公告"", ""event_stage"": ""stage_unknown"", ""publish_date"": ""2026-04-27"", ""nodes"": [""trigger""]}, {""doc_id"": ""c18e1322abb29a70"", ""ann_type"": ""下修类公告"", ""event_stage"": ""stage_4_implementation"", ""publish_date"": ""2026-05-07"", ""nodes"": [""trigger"", ""proposal"", ""resolution"", ""implementation""]}]"
123180,浙矿转债,300837,浙矿股份,adjustment,False,trigger,"proposal,resolution,implementation",2026-03-25,,,,,0,NORMAL,47.89,,,,,,,"[{""doc_id"": ""1e021a56c77c5d43"", ""ann_type"": ""下修类公告"", ""event_stage"": ""stage_unknown"", ""publish_date"": ""2026-03-25"", ""nodes"": [""trigger""]}]"
123192,科思转债,300856,科思股份,adjustment,False,trigger,"proposal,resolution,implementation",2026-01-06,,,,,0,NORMAL,17.39,,,,,,,"[{""doc_id"": ""873ea3ba4e788743"", ""ann_type"": ""下修类公告"", ""event_stage"": ""stage_unknown"", ""publish_date"": ""2026-01-06"", ""nodes"": [""trigger""]}]"
123196,正元转02,300645,正元智慧,adjustment,False,"trigger,proposal,implementation",resolution,2026-05-11,2026-05-11,,2026-05-11,,0,NORMAL,21.93,,,,,,,"[{""doc_id"": ""1b1ec95247279c81"", ""ann_type"": ""下修类公告"", ""event_stage"": ""stage_4_implementation"", ""publish_date"": ""2026-05-11"", ""nodes"": [""trigger"", ""proposal"", ""implementation""]}]"
123198,金埔转债,301098,金埔园林,redemption,False,"trigger,implementation","resolution,result",2026-05-22,,,2029-06-07,,1112,LONG,,,,,,,,"[{""doc_id"": ""689bf27a58bf1a0a"", ""ann_type"": ""强赎类公告"", ""event_stage"": ""stage_unknown"", ""publish_date"": ""2026-05-22"", ""nodes"": [""trigger"", ""implementation""]}]"
123214,东宝转债,300239,东宝生物,adjustment,False,"trigger,implementation","proposal,resolution",2026-05-11,,,2026-05-11,,0,NORMAL,6.63,,,,,,,"[{""doc_id"": ""e6ef7f776b7ade5c"", ""ann_type"": ""下修类公告"", ""event_stage"": ""stage_4_implementation"", ""publish_date"": ""2026-05-11"", ""nodes"": [""trigger"", ""implementation""]}, {""doc_id"": ""36c47a86423d01b4"", ""ann_type"": ""下修类公告"", ""event_stage"": ""stage_unknown"", ""publish_date"": ""2026-04-29"", ""nodes"": [""trigger""]}]"
123216,科顺转债,300737,科顺股份,adjustment,False,trigger,"proposal,resolution,implementation",2025-12-17,,,,,0,NORMAL,6.67,,,,,,,"[{""doc_id"": ""e1cac5d30966bb20"", ""ann_type"": ""下修类公告"", ""event_stage"": ""stage_unknown"", ""publish_date"": ""2025-12-17"", ""nodes"": [""trigger""]}]"
123220,易瑞转债,300942,易瑞生物,adjustment,False,"trigger,implementation","proposal,resolution",2026-05-28,,,2026-06-03,,6,NORMAL,8.87,8.85,0.23,,,,,"[{""doc_id"": ""5312cf479dffdb2d"", ""ann_type"": ""下修类公告"", ""event_stage"": ""stage_unknown"", ""publish_date"": ""2026-05-28"", ""nodes"": [""trigger"", ""implementation""]}]"
123223,九典转02,300705,九典制药,adjustment,False,trigger,"proposal,resolution,implementation",2026-05-27,,,,,0,NORMAL,14.95,,,,,,,"[{""doc_id"": ""e2804f41ae582d70"", ""ann_type"": ""下修类公告"", ""event_stage"": ""stage_unknown"", ""publish_date"": ""2026-05-27"", ""nodes"": [""trigger""]}]"
123236,家联转债,301193,家联科技,adjustment,False,"trigger,implementation","proposal,resolution",2026-05-21,,,2026-05-21,,0,NORMAL,,,,100.34,,,,"[{""doc_id"": ""2b7f2eb459e1507a"", ""ann_type"": ""强赎类公告"", ""event_stage"": ""stage_unknown"", ""publish_date"": ""2026-05-21"", ""nodes"": [""trigger"", ""implementation""]}]"
123236,家联转债,301193,家联科技,redemption,False,"trigger,implementation,result",resolution,2026-05-22,,,2026-05-27,2026-05-28,6,NORMAL,,,,100.34,0.34,,,"[{""doc_id"": ""03f93945dfe5ccba"", ""ann_type"": ""强赎类公告"", ""event_stage"": ""stage_unknown"", ""publish_date"": ""2026-05-22"", ""nodes"": [""trigger"", ""implementation"", ""result""]}, {""doc_id"": ""643fcca89ec01aaa"", ""ann_type"": ""强赎类公告"", ""event_stage"": ""stage_unknown"", ""publish_date"": ""2026-05-19"", ""nodes"": [""trigger"", ""implementation""]}, {""doc_id"": ""6b750b76d943fa94"", ""ann_type"": ""强赎类公告"", ""event_stage"": ""stage_unknown"", ""publish_date"": ""2026-05-18"", ""nodes"": [""trigger"", ""implementation""]}, {""doc_id"": ""bd6a47c9fd9e7425"", ""ann_type"": ""强赎类公告"", ""event_stage"": ""stage_unknown"", ""publish_date"": ""2026-05-26"", ""nodes"": [""trigger"", ""implementation""]}, {""doc_id"": ""d3d1fed5fb885ad3"", ""ann_type"": ""强赎类公告"", ""event_stage"": ""stage_unknown"", ""publish_date"": ""2026-05-27"", ""nodes"": [""trigger"", ""implementation""]}, {""doc_id"": ""d8ad6c7a622a8eca"", ""ann_type"": ""强赎类公告"", ""event_stage"": ""stage_unknown"", ""publish_date"": ""2026-05-20"", ""nodes"": [""trigger"", ""implementation""]}, {""doc_id"": ""b98d06e1e1251eb7"", ""ann_type"": ""强赎类公告"", ""event_stage"": ""stage_unknown"", ""publish_date"": ""2026-05-25"", ""nodes"": [""trigger"", ""implementation"", ""result""]}, {""doc_id"": ""2b7f2eb459e1507a"", ""ann_type"": ""强赎类公告"", ""event_stage"": ""stage_unknown"", ""publish_date"": ""2026-05-21"", ""nodes"": [""trigger"", ""implementation""]}]"
123243,严牌转债,301081,严牌股份,redemption,False,"trigger,implementation","resolution,result",2026-05-19,,,2030-07-09,,1512,LONG,,,,,,,,"[{""doc_id"": ""8564b52f5b073e73"", ""ann_type"": ""强赎类公告"", ""event_stage"": ""stage_unknown"", ""publish_date"": ""2026-05-19"", ""nodes"": [""trigger"", ""implementation""]}]"
123250,嘉益转债,301004,嘉益股份,adjustment,False,trigger,"proposal,resolution,implementation",2026-05-19,,,,,0,NORMAL,79.66,,,,,,,"[{""doc_id"": ""7003189081e7353b"", ""ann_type"": ""下修类公告"", ""event_stage"": ""stage_unknown"", ""publish_date"": ""2026-05-19"", ""nodes"": [""trigger""]}]"
123253,永贵转债,300351,永贵电器,redemption,False,trigger,"resolution,implementation,result",2026-05-20,,,,,0,NORMAL,,,,,,,,"[{""doc_id"": ""d52413b704094ccd"", ""ann_type"": ""强赎类公告"", ""event_stage"": ""stage_unknown"", ""publish_date"": ""2026-05-20"", ""nodes"": [""trigger""]}]"
123259,锦浪转02,300763,锦浪科技,adjustment,False,"trigger,proposal","resolution,implementation",2025-12-02,2025-12-02,,,,0,NORMAL,89.82,,,,,,,"[{""doc_id"": ""36933c941ce9fabf"", ""ann_type"": ""下修类公告"", ""event_stage"": ""stage_unknown"", ""publish_date"": ""2025-12-02"", ""nodes"": [""trigger"", ""proposal""]}]"
123262,神宇转债,300563,神宇股份,adjustment,False,"trigger,implementation","proposal,resolution",2026-04-09,,,2026-04-09,,0,NORMAL,39.31,38.82,1.25,,,,,"[{""doc_id"": ""3a7df55e443a3c7e"", ""ann_type"": ""下修类公告"", ""event_stage"": ""stage_4_implementation"", ""publish_date"": ""2026-04-09"", ""nodes"": [""trigger"", ""implementation""]}, {""doc_id"": ""a7332c556818b526"", ""ann_type"": ""下修类公告"", ""event_stage"": ""stage_unknown"", ""publish_date"": ""2026-04-01"", ""nodes"": [""trigger"", ""implementation""]}]"
123264,双乐转债,301036,双乐股份,adjustment,False,"trigger,implementation","proposal,resolution",2026-03-16,,,2026-03-23,,7,NORMAL,36.7,,15.0,,,,,"[{""doc_id"": ""07ef28c71632845f"", ""ann_type"": ""下修类公告"", ""event_stage"": ""stage_unknown"", ""publish_date"": ""2026-03-16"", ""nodes"": [""trigger""]}, {""doc_id"": ""3dc43ec0d3410551"", ""ann_type"": ""下修类公告"", ""event_stage"": ""stage_4_implementation"", ""publish_date"": ""2026-03-23"", ""nodes"": [""trigger"", ""implementation""]}]"
123266,博士转债,300622,博士眼镜,adjustment,False,"trigger,proposal,implementation",resolution,2026-04-10,2026-04-10,,2026-04-10,,0,NORMAL,30.43,,,,,,,"[{""doc_id"": ""334d06f864bf890e"", ""ann_type"": ""下修类公告"", ""event_stage"": ""stage_4_implementation"", ""publish_date"": ""2026-04-10"", ""nodes"": [""trigger"", ""proposal"", ""implementation""]}]"
127017,万青转债,000789,万年青,adjustment,False,"trigger,proposal,resolution",implementation,2026-02-04,2026-02-04,2026-02-04,,,0,NORMAL,8.53,,,,,,,"[{""doc_id"": ""7108dd5c99b7236c"", ""ann_type"": ""下修类公告"", ""event_stage"": ""stage_unknown"", ""publish_date"": ""2026-02-04"", ""nodes"": [""trigger"", ""proposal"", ""resolution""]}]"
127018,本钢转债,000761,本钢板材,adjustment,False,"trigger,proposal","resolution,implementation",2026-05-21,2026-05-21,,,,0,NORMAL,,,,,,,,"[{""doc_id"": ""defeb36ba429f894"", ""ann_type"": ""下修类公告"", ""event_stage"": ""stage_unknown"", ""publish_date"": ""2026-05-21"", ""nodes"": [""trigger"", ""proposal""]}]"
127024,盈峰转债,000967,盈峰环境科技集团股份有限公司,adjustment,False,"trigger,proposal","resolution,implementation",2026-05-23,2026-05-19,,,,4,NORMAL,,,,101.13,1.13,,,"[{""doc_id"": ""48a3a4abc3c7ffdd"", ""ann_type"": ""强赎类公告"", ""event_stage"": ""stage_unknown"", ""publish_date"": ""2026-05-23"", ""nodes"": [""trigger""]}, {""doc_id"": ""8cfa70dcca47ac64"", ""ann_type"": ""强赎类公告"", ""event_stage"": ""stage_unknown"", ""publish_date"": ""2026-05-19"", ""nodes"": [""trigger"", ""proposal""]}]"
127024,盈峰转债,000967,盈峰环境科技集团股份有限公司,redemption,False,"trigger,implementation,result",resolution,2026-05-21,,,2026-05-28,2026-05-29,8,NORMAL,,,,101.13,1.13,,,"[{""doc_id"": ""0e101c21c63c1568"", ""ann_type"": ""强赎类公告"", ""event_stage"": ""stage_unknown"", ""publish_date"": ""2026-05-21"", ""nodes"": [""trigger"", ""implementation"", ""result""]}, {""doc_id"": ""48a3a4abc3c7ffdd"", ""ann_type"": ""强赎类公告"", ""event_stage"": ""stage_unknown"", ""publish_date"": ""2026-05-23"", ""nodes"": [""trigger"", ""implementation"", ""result""]}, {""doc_id"": ""4dc907576025e6c9"", ""ann_type"": ""强赎类公告"", ""event_stage"": ""stage_unknown"", ""publish_date"": ""2026-05-27"", ""nodes"": [""trigger"", ""implementation"", ""result""]}, {""doc_id"": ""8cfa70dcca47ac64"", ""ann_type"": ""强赎类公告"", ""event_stage"": ""stage_unknown"", ""publish_date"": ""2026-05-19"", ""nodes"": [""trigger"", ""implementation"", ""result""]}, {""doc_id"": ""9b2786a2a24bb705"", ""ann_type"": ""强赎类公告"", ""event_stage"": ""stage_unknown"", ""publish_date"": ""2026-05-26"", ""nodes"": [""trigger"", ""implementation""]}, {""doc_id"": ""df129a9e3d22f0e5"", ""ann_type"": ""强赎类公告"", ""event_stage"": ""stage_unknown"", ""publish_date"": ""2026-05-28"", ""nodes"": [""trigger"", ""implementation""]}, {""doc_id"": ""ed44cd76c56ee1cb"", ""ann_type"": ""强赎类公告"", ""event_stage"": ""stage_unknown"", ""publish_date"": ""2026-05-22"", ""nodes"": [""trigger"", ""implementation""]}, {""doc_id"": ""fb8262c2c0ce88f3"", ""ann_type"": ""强赎类公告"", ""event_stage"": ""stage_unknown"", ""publish_date"": ""2026-05-20"", ""nodes"": [""trigger"", ""implementation""]}]"
127025,冀东转债,000401,金隅冀东,adjustment,False,trigger,"proposal,resolution,implementation",2026-01-17,,,,,0,NORMAL,13.01,,,,,,,"[{""doc_id"": ""bbc48741d7d54ba2"", ""ann_type"": ""下修类公告"", ""event_stage"": ""stage_unknown"", ""publish_date"": ""2026-01-17"", ""nodes"": [""trigger""]}]"
127026,超声转债,000823,超声电子,redemption,False,"trigger,implementation,result",resolution,2026-06-01,,,2026-06-12,2026-06-15,14,NORMAL,,,,101.04,1.04,,,"[{""doc_id"": ""3c4b94e6e5d45a2f"", ""ann_type"": ""强赎类公告"", ""event_stage"": ""stage_unknown"", ""publish_date"": ""2026-06-01"", ""nodes"": [""trigger"", ""implementation"", ""result""]}, {""doc_id"": ""8b3bad4da7db047b"", ""ann_type"": ""强赎类公告"", ""event_stage"": ""stage_unknown"", ""publish_date"": ""2026-05-26"", ""nodes"": [""trigger"", ""implementation"", ""result""]}, {""doc_id"": ""d6e03b33c8728f5c"", ""ann_type"": ""强赎类公告"", ""event_stage"": ""stage_unknown"", ""publish_date"": ""2026-05-27"", ""nodes"": [""trigger"", ""implementation""]}, {""doc_id"": ""b365d7e796a15c55"", ""ann_type"": ""强赎类公告"", ""event_stage"": ""stage_unknown"", ""publish_date"": ""2026-05-29"", ""nodes"": [""trigger"", ""implementation""]}, {""doc_id"": ""b4b51164a1784d0d"", ""ann_type"": ""强赎类公告"", ""event_stage"": ""stage_unknown"", ""publish_date"": ""2026-05-25"", ""nodes"": [""trigger"", ""implementation""]}]"
127030,盛虹转债,000301,东方盛虹,adjustment,False,trigger,"proposal,resolution,implementation",2025-12-11,,,,,0,NORMAL,13.21,,,,,,,"[{""doc_id"": ""f004bbf2c9f63d4a"", ""ann_type"": ""下修类公告"", ""event_stage"": ""stage_unknown"", ""publish_date"": ""2025-12-11"", ""nodes"": [""trigger""]}]"
127031,洋丰转债,000902,新洋丰,adjustment,False,"trigger,implementation","proposal,resolution",2026-05-29,,,2026-05-28,,1,NORMAL,17.09,16.89,1.17,,,,,"[{""doc_id"": ""bd4e29e4d2c4aab0"", ""ann_type"": ""下修类公告"", ""event_stage"": ""stage_unknown"", ""publish_date"": ""2026-05-29"", ""nodes"": [""trigger"", ""implementation""]}]"
127038,国微转债,002049,紫光国微,adjustment,False,"trigger,implementation","proposal,resolution",2026-03-16,,,2026-03-16,,0,NORMAL,97.3,,,,,,,"[{""doc_id"": ""c06dae0e08ec9a2a"", ""ann_type"": ""下修类公告"", ""event_stage"": ""stage_4_implementation"", ""publish_date"": ""2026-03-16"", ""nodes"": [""trigger"", ""implementation""]}, {""doc_id"": ""9c92aa272a911a08"", ""ann_type"": ""下修类公告"", ""event_stage"": ""stage_unknown"", ""publish_date"": ""2026-03-09"", ""nodes"": [""trigger""]}]"
127044,蒙娜转债,002918,蒙娜丽莎,adjustment,False,"trigger,proposal","resolution,implementation",2025-12-11,2025-12-11,,,,0,NORMAL,19.84,,,,,,,"[{""doc_id"": ""0652e5fe91444bad"", ""ann_type"": ""下修类公告"", ""event_stage"": ""stage_unknown"", ""publish_date"": ""2025-12-11"", ""nodes"": [""trigger"", ""proposal""]}]"
127046,百润转债,002568,百润股份,adjustment,False,"trigger,proposal,implementation",resolution,2026-04-14,2026-02-06,,2026-03-19,,67,NORMAL,46.68,20.68,55.87,,,18.93,,"[{""doc_id"": ""9eb9bd57311aa710"", ""ann_type"": ""下修类公告"", ""event_stage"": ""stage_4_implementation"", ""publish_date"": ""2026-04-14"", ""nodes"": [""trigger"", ""implementation""]}, {""doc_id"": ""abac983376ad9cfb"", ""ann_type"": ""下修类公告"", ""event_stage"": ""stage_4_implementation"", ""publish_date"": ""2026-03-04"", ""nodes"": [""trigger"", ""implementation""]}, {""doc_id"": ""aec354448d3c70a4"", ""ann_type"": ""下修类公告"", ""event_stage"": ""stage_unknown"", ""publish_date"": ""2026-04-04"", ""nodes"": [""trigger"", ""implementation""]}, {""doc_id"": ""24da937382cfec5b"", ""ann_type"": ""下修类公告"", ""event_stage"": ""stage_unknown"", ""publish_date"": ""2026-02-06"", ""nodes"": [""trigger"", ""proposal""]}]"
127049,希望转2,000876,新希望,adjustment,False,"trigger,implementation","proposal,resolution",2026-04-03,,,2026-04-11,,8,NORMAL,10.59,,,,,,,"[{""doc_id"": ""6ec7aa835aeed3b4"", ""ann_type"": ""下修类公告"", ""event_stage"": ""stage_unknown"", ""publish_date"": ""2026-04-03"", ""nodes"": [""trigger""]}, {""doc_id"": ""8f09877146151532"", ""ann_type"": ""下修类公告"", ""event_stage"": ""stage_4_implementation"", ""publish_date"": ""2026-04-11"", ""nodes"": [""trigger"", ""implementation""]}]"
127050,麒麟转债,002984,森麒麟,adjustment,False,"trigger,proposal","resolution,implementation",2026-05-23,2026-05-23,,,,0,NORMAL,,,,,,,,"[{""doc_id"": ""698e96aa62a41811"", ""ann_type"": ""下修类公告"", ""event_stage"": ""stage_unknown"", ""publish_date"": ""2026-05-23"", ""nodes"": [""trigger"", ""proposal""]}, {""doc_id"": ""3997191c093ee68f"", ""ann_type"": ""下修类公告"", ""event_stage"": ""stage_unknown"", ""publish_date"": ""2026-05-30"", ""nodes"": [""trigger"", ""proposal""]}]"
127053,豪美转债,002988,豪美新材,redemption,False,trigger,"resolution,implementation,result",2026-05-19,,,,,0,NORMAL,,,,,,,,"[{""doc_id"": ""ef64810dcbc2119f"", ""ann_type"": ""强赎类公告"", ""event_stage"": ""stage_unknown"", ""publish_date"": ""2026-05-19"", ""nodes"": [""trigger""]}]"
127056,中特转债,000708,中信特钢,adjustment,True,"trigger,proposal,resolution,implementation",,2026-03-11,2026-05-14,2026-03-17,2026-05-14,,64,NORMAL,22.23,,,,,,,"[{""doc_id"": ""3dda9c93b8d92ff5"", ""ann_type"": ""下修类公告"", ""event_stage"": ""stage_unknown"", ""publish_date"": ""2026-03-11"", ""nodes"": [""trigger""]}, {""doc_id"": ""a5b9a09db1034483"", ""ann_type"": ""下修类公告"", ""event_stage"": ""stage_4_implementation"", ""publish_date"": ""2026-05-14"", ""nodes"": [""trigger"", ""proposal"", ""implementation""]}, {""doc_id"": ""9c7040d83f5ac61d"", ""ann_type"": ""下修类公告"", ""event_stage"": ""stage_4_implementation"", ""publish_date"": ""2026-05-14"", ""nodes"": [""trigger"", ""implementation""]}, {""doc_id"": ""9ee1c259f4d986e5"", ""ann_type"": ""下修类公告"", ""event_stage"": ""stage_4_implementation"", ""publish_date"": ""2026-03-18"", ""nodes"": [""trigger"", ""implementation""]}, {""doc_id"": ""a9bb74fb7822e30b"", ""ann_type"": ""下修类公告"", ""event_stage"": ""stage_unknown"", ""publish_date"": ""2026-03-11"", ""nodes"": [""trigger""]}, {""doc_id"": ""b35a2600f1da904a"", ""ann_type"": ""下修类公告"", ""event_stage"": ""stage_unknown"", ""publish_date"": ""2026-05-07"", ""nodes"": [""trigger""]}, {""doc_id"": ""b63499f6f8c5d702"", ""ann_type"": ""下修类公告"", ""event_stage"": ""stage_unknown"", ""publish_date"": ""2026-05-07"", ""nodes"": [""trigger""]}, {""doc_id"": ""27a55bebad3fa903"", ""ann_type"": ""下修类公告"", ""event_stage"": ""stage_4_implementation"", ""publish_date"": ""2026-03-17"", ""nodes"": [""trigger"", ""proposal"", ""resolution"", ""implementation""]}]"
127059,永东转2,002753,永东股份,adjustment,False,"trigger,proposal,implementation",resolution,2026-04-17,2026-04-24,,2026-04-24,,7,NORMAL,8.34,8.16,2.16,,,,,"[{""doc_id"": ""8faebe45e93a52ac"", ""ann_type"": ""下修类公告"", ""event_stage"": ""stage_unknown"", ""publish_date"": ""2026-04-17"", ""nodes"": [""trigger""]}, {""doc_id"": ""3292ace3fc366b34"", ""ann_type"": ""下修类公告"", ""event_stage"": ""stage_4_implementation"", ""publish_date"": ""2026-04-24"", ""nodes"": [""trigger"", ""proposal"", ""implementation""]}]"
127060,湘佳转债,002982,湘佳股份,adjustment,False,trigger,"proposal,resolution,implementation",2025-12-06,,,,,0,NORMAL,21.13,,,,,,,"[{""doc_id"": ""a78d51813cbc165a"", ""ann_type"": ""下修类公告"", ""event_stage"": ""stage_unknown"", ""publish_date"": ""2025-12-06"", ""nodes"": [""trigger""]}]"
127061,美锦转债,000723,美锦能源,adjustment,False,"trigger,proposal,implementation",resolution,2026-05-11,2026-05-18,,2026-05-18,,7,NORMAL,5.26,,,,,,,"[{""doc_id"": ""fdf59337943c7c10"", ""ann_type"": ""下修类公告"", ""event_stage"": ""stage_unknown"", ""publish_date"": ""2026-05-11"", ""nodes"": [""trigger""]}, {""doc_id"": ""1a9bbbb03d106959"", ""ann_type"": ""下修类公告"", ""event_stage"": ""stage_4_implementation"", ""publish_date"": ""2026-05-18"", ""nodes"": [""trigger"", ""proposal"", ""implementation""]}]"
127062,垒知转债,002398,垒知集团,adjustment,True,"trigger,proposal,resolution,implementation",,2025-12-27,2026-05-06,2026-05-06,2025-06-13,,327,LONG,7.59,,,,,,,"[{""doc_id"": ""3b0e88fa1073ac05"", ""ann_type"": ""下修类公告"", ""event_stage"": ""stage_unknown"", ""publish_date"": ""2025-12-27"", ""nodes"": [""trigger"", ""implementation""]}, {""doc_id"": ""531f02d39e972268"", ""ann_type"": ""下修类公告"", ""event_stage"": ""stage_unknown"", ""publish_date"": ""2026-01-21"", ""nodes"": [""trigger""]}, {""doc_id"": ""a3d746260afdc04e"", ""ann_type"": ""下修类公告"", ""event_stage"": ""stage_unknown"", ""publish_date"": ""2026-02-11"", ""nodes"": [""trigger""]}, {""doc_id"": ""639bf3400e523257"", ""ann_type"": ""下修类公告"", ""event_stage"": ""stage_unknown"", ""publish_date"": ""2026-05-20"", ""nodes"": [""trigger""]}, {""doc_id"": ""e4c53b9ac7c076fd"", ""ann_type"": ""下修类公告"", ""event_stage"": ""stage_unknown"", ""publish_date"": ""2026-03-12"", ""nodes"": [""trigger""]}, {""doc_id"": ""f077880a619c61dd"", ""ann_type"": ""下修类公告"", ""event_stage"": ""stage_4_implementation"", ""publish_date"": ""2026-02-26"", ""nodes"": [""trigger"", ""implementation""]}, {""doc_id"": ""f1fd5eaf34b1165e"", ""ann_type"": ""下修类公告"", ""event_stage"": ""stage_unknown"", ""publish_date"": ""2026-04-24"", ""nodes"": [""trigger""]}, {""doc_id"": ""fd398203fd9dd69a"", ""ann_type"": ""下修类公告"", ""event_stage"": ""stage_4_implementation"", ""publish_date"": ""2026-05-06"", ""nodes"": [""trigger"", ""proposal"", ""resolution"", ""implementation""]}, {""doc_id"": ""fe71a364c432bf4e"", ""ann_type"": ""下修类公告"", ""event_stage"": ""stage_4_implementation"", ""publish_date"": ""2026-03-19"", ""nodes"": [""trigger"", ""implementation""]}, {""doc_id"": ""20d3fbd0f0896e18"", ""ann_type"": ""下修类公告"", ""event_stage"": ""stage_4_implementation"", ""publish_date"": ""2026-04-09"", ""nodes"": [""trigger"", ""proposal"", ""resolution"", ""implementation""]}, {""doc_id"": ""30845e746ac50608"", ""ann_type"": ""下修类公告"", ""event_stage"": ""stage_unknown"", ""publish_date"": ""2026-04-02"", ""nodes"": [""trigger""]}]"
127066,科利转债,002850,科达利,adjustment,False,trigger,"proposal,resolution,implementation",2026-05-27,,,,,0,NORMAL,,,,101.41,,,,"[{""doc_id"": ""2082752b75f5e19c"", ""ann_type"": ""强赎类公告"", ""event_stage"": ""stage_unknown"", ""publish_date"": ""2026-05-27"", ""nodes"": [""trigger""]}, {""doc_id"": ""5d5d8c33a88cd422"", ""ann_type"": ""强赎类公告"", ""event_stage"": ""stage_unknown"", ""publish_date"": ""2026-05-28"", ""nodes"": [""trigger""]}]"
127066,科利转债,002850,科达利,redemption,False,"trigger,implementation,result",resolution,2026-05-22,,,2026-06-12,2026-06-15,24,NORMAL,,,,101.41,1.41,,,"[{""doc_id"": ""5ab3da5abd5903a7"", ""ann_type"": ""强赎类公告"", ""event_stage"": ""stage_unknown"", ""publish_date"": ""2026-05-22"", ""nodes"": [""trigger"", ""implementation""]}, {""doc_id"": ""68df1ab60fa0224c"", ""ann_type"": ""强赎类公告"", ""event_stage"": ""stage_unknown"", ""publish_date"": ""2026-05-26"", ""nodes"": [""trigger"", ""implementation"", ""result""]}, {""doc_id"": ""c5d4678f225382df"", ""ann_type"": ""强赎类公告"", ""event_stage"": ""stage_unknown"", ""publish_date"": ""2026-05-21"", ""nodes"": [""trigger"", ""implementation""]}, {""doc_id"": ""739c640e26fd893f"", ""ann_type"": ""强赎类公告"", ""event_stage"": ""stage_unknown"", ""publish_date"": ""2026-06-01"", ""nodes"": [""trigger"", ""implementation""]}, {""doc_id"": ""cfa86339bb499f8b"", ""ann_type"": ""强赎类公告"", ""event_stage"": ""stage_unknown"", ""publish_date"": ""2026-05-25"", ""nodes"": [""trigger"", ""implementation""]}, {""doc_id"": ""d7ad34332b356481"", ""ann_type"": ""强赎类公告"", ""event_stage"": ""stage_unknown"", ""publish_date"": ""2026-05-29"", ""nodes"": [""trigger"", ""implementation""]}, {""doc_id"": ""fe0e8704f35b162a"", ""ann_type"": ""强赎类公告"", ""event_stage"": ""stage_unknown"", ""publish_date"": ""2026-05-20"", ""nodes"": [""trigger"", ""implementation""]}, {""doc_id"": ""2082752b75f5e19c"", ""ann_type"": ""强赎类公告"", ""event_stage"": ""stage_unknown"", ""publish_date"": ""2026-05-27"", ""nodes"": [""trigger""]}, {""doc_id"": ""5d5d8c33a88cd422"", ""ann_type"": ""强赎类公告"", ""event_stage"": ""stage_unknown"", ""publish_date"": ""2026-05-28"", ""nodes"": [""trigger""]}]"
127069,小熊转债,002959,小熊电器,adjustment,False,"trigger,proposal,implementation",resolution,2026-05-12,2026-04-25,,2026-05-12,,17,NORMAL,52.21,45.0,13.81,,,40.89,,"[{""doc_id"": ""91acd4ac5d1a9b1f"", ""ann_type"": ""下修类公告"", ""event_stage"": ""stage_4_implementation"", ""publish_date"": ""2026-05-12"", ""nodes"": [""trigger"", ""implementation""]}, {""doc_id"": ""61ca69ef30ab2d7e"", ""ann_type"": ""下修类公告"", ""event_stage"": ""stage_unknown"", ""publish_date"": ""2025-12-06"", ""nodes"": [""trigger""]}, {""doc_id"": ""61eaf159310af1aa"", ""ann_type"": ""下修类公告"", ""event_stage"": null, ""publish_date"": null, ""nodes"": [""trigger""]}, {""doc_id"": ""d283af292365a71e"", ""ann_type"": ""下修类公告"", ""event_stage"": ""stage_unknown"", ""publish_date"": ""2026-04-18"", ""nodes"": [""trigger""]}, {""doc_id"": ""a17d42494ada2436"", ""ann_type"": ""下修类公告"", ""event_stage"": ""stage_unknown"", ""publish_date"": ""2026-04-25"", ""nodes"": [""trigger"", ""proposal""]}]"
127080,声迅转债,003004,ST声迅,adjustment,False,trigger,"proposal,resolution,implementation",2025-12-04,,,,,0,NORMAL,28.94,,,,,,,"[{""doc_id"": ""5457246f6cd26fcf"", ""ann_type"": ""下修类公告"", ""event_stage"": ""stage_unknown"", ""publish_date"": ""2025-12-04"", ""nodes"": [""trigger""]}, {""doc_id"": ""944e58b0ba6141c9"", ""ann_type"": ""下修类公告"", ""event_stage"": ""stage_unknown"", ""publish_date"": ""2025-12-25"", ""nodes"": [""trigger""]}]"
127080,声迅转债,003004,声迅股份,redemption,False,trigger,"resolution,implementation,result",2026-05-22,,,,,0,NORMAL,,,,,,,,"[{""doc_id"": ""64948d875e692132"", ""ann_type"": ""强赎类公告"", ""event_stage"": ""stage_unknown"", ""publish_date"": ""2026-05-22"", ""nodes"": [""trigger""]}]"
127085,韵达转债,002120,韵达股份,adjustment,False,trigger,"proposal,resolution,implementation",2025-12-20,,,,,0,NORMAL,11.73,,,,,,,"[{""doc_id"": ""9afdd9075e780b41"", ""ann_type"": ""下修类公告"", ""event_stage"": ""stage_unknown"", ""publish_date"": ""2025-12-20"", ""nodes"": [""trigger""]}]"
127090,兴瑞转债,002937,兴瑞科技,adjustment,False,trigger,"proposal,resolution,implementation",2026-05-22,,,,,0,NORMAL,,,,100.72,,,,"[{""doc_id"": ""5614adf2128b3dcc"", ""ann_type"": ""强赎类公告"", ""event_stage"": ""stage_unknown"", ""publish_date"": ""2026-05-22"", ""nodes"": [""trigger""]}, {""doc_id"": ""18dfeabc425b0c96"", ""ann_type"": ""强赎类公告"", ""event_stage"": ""stage_unknown"", ""publish_date"": ""2026-06-01"", ""nodes"": [""trigger""]}, {""doc_id"": ""289504be28d5313f"", ""ann_type"": ""强赎类公告"", ""event_stage"": ""stage_unknown"", ""publish_date"": ""2026-05-26"", ""nodes"": [""trigger""]}, {""doc_id"": ""6099488bf39d476e"", ""ann_type"": ""强赎类公告"", ""event_stage"": ""stage_unknown"", ""publish_date"": ""2026-05-28"", ""nodes"": [""trigger""]}]"
127090,兴瑞转债,002937,兴瑞科技,redemption,False,"trigger,implementation,result",resolution,2026-05-22,,,2026-06-15,2026-06-24,33,NORMAL,,,,100.72,,,,"[{""doc_id"": ""5614adf2128b3dcc"", ""ann_type"": ""强赎类公告"", ""event_stage"": ""stage_unknown"", ""publish_date"": ""2026-05-22"", ""nodes"": [""trigger"", ""implementation"", ""result""]}, {""doc_id"": ""d71b3b78dcf690f7"", ""ann_type"": ""强赎类公告"", ""event_stage"": ""stage_unknown"", ""publish_date"": ""2026-05-28"", ""nodes"": [""trigger"", ""implementation""]}, {""doc_id"": ""f44996a3086005b0"", ""ann_type"": ""强赎类公告"", ""event_stage"": ""stage_unknown"", ""publish_date"": ""2026-05-26"", ""nodes"": [""trigger"", ""implementation""]}, {""doc_id"": ""18dfeabc425b0c96"", ""ann_type"": ""强赎类公告"", ""event_stage"": ""stage_unknown"", ""publish_date"": ""2026-06-01"", ""nodes"": [""trigger""]}, {""doc_id"": ""289504be28d5313f"", ""ann_type"": ""强赎类公告"", ""event_stage"": ""stage_unknown"", ""publish_date"": ""2026-05-26"", ""nodes"": [""trigger""]}, {""doc_id"": ""6099488bf39d476e"", ""ann_type"": ""强赎类公告"", ""event_stage"": ""stage_unknown"", ""publish_date"": ""2026-05-28"", ""nodes"": [""trigger""]}]"
127093,章鼓转债,002598,ST章鼓,adjustment,False,"trigger,proposal,implementation",resolution,2026-04-22,2026-04-28,,2026-05-21,,29,NORMAL,10.25,10.15,0.97,,,8.1,,"[{""doc_id"": ""823ddd8ec5651f7d"", ""ann_type"": ""下修类公告"", ""event_stage"": ""stage_unknown"", ""publish_date"": ""2026-04-22"", ""nodes"": [""trigger""]}, {""doc_id"": ""ddc4a8fe208832cd"", ""ann_type"": ""下修类公告"", ""event_stage"": ""stage_unknown"", ""publish_date"": ""2026-04-28"", ""nodes"": [""trigger"", ""proposal""]}, {""doc_id"": ""9c4108278b3835a9"", ""ann_type"": ""下修类公告"", ""event_stage"": ""stage_4_implementation"", ""publish_date"": ""2026-05-21"", ""nodes"": [""trigger"", ""implementation""]}]"
127098,欧晶转债,001269,欧晶科技,adjustment,True,"trigger,proposal,resolution,implementation",,2026-01-16,2026-04-16,2026-04-23,2024-10-14,,556,LONG,44.71,42.0,,,,,,"[{""doc_id"": ""996921a3ad0028f8"", ""ann_type"": ""下修类公告"", ""event_stage"": ""stage_unknown"", ""publish_date"": ""2026-01-16"", ""nodes"": [""trigger"", ""implementation""]}, {""doc_id"": ""b2cd60cf1289adb2"", ""ann_type"": ""下修类公告"", ""event_stage"": ""stage_unknown"", ""publish_date"": ""2026-04-16"", ""nodes"": [""trigger"", ""proposal""]}, {""doc_id"": ""5bf56f963ab3be0e"", ""ann_type"": ""下修类公告"", ""event_stage"": ""stage_4_implementation"", ""publish_date"": ""2026-04-23"", ""nodes"": [""trigger"", ""proposal"", ""resolution"", ""implementation""]}]"
127102,浙建转债,002761,浙江建投,adjustment,False,trigger,"proposal,resolution,implementation",2025-12-03,,,,,0,NORMAL,10.91,,,,,,,"[{""doc_id"": ""a7558a1a5ce52328"", ""ann_type"": ""下修类公告"", ""event_stage"": ""stage_unknown"", ""publish_date"": ""2025-12-03"", ""nodes"": [""trigger""]}]"
127111,金威转债,002626,金达威,adjustment,False,"trigger,implementation","proposal,resolution",2026-05-15,,,2026-05-15,,0,NORMAL,19.59,,,,,,,"[{""doc_id"": ""7d49fc9ac30e7bfa"", ""ann_type"": ""下修类公告"", ""event_stage"": ""stage_4_implementation"", ""publish_date"": ""2026-05-15"", ""nodes"": [""trigger"", ""implementation""]}, {""doc_id"": ""bae06a3ea9c073b6"", ""ann_type"": ""下修类公告"", ""event_stage"": ""stage_unknown"", ""publish_date"": ""2026-05-08"", ""nodes"": [""trigger""]}]"
128097,奥佳转债,002614,奥佳华,adjustment,False,trigger,"proposal,resolution,implementation",2026-01-16,,,,,0,NORMAL,9.35,,,,,,,"[{""doc_id"": ""7f83f1d0babccc4c"", ""ann_type"": ""下修类公告"", ""event_stage"": ""stage_unknown"", ""publish_date"": ""2026-01-16"", ""nodes"": [""trigger""]}]"
128108,蓝帆转债,002382,蓝帆医疗,adjustment,False,"trigger,proposal,implementation",resolution,2025-12-30,2026-02-10,,2025-12-16,,56,NORMAL,10.0,9.5,5.0,,,,,"[{""doc_id"": ""5a1cc883b6b09f48"", ""ann_type"": ""下修类公告"", ""event_stage"": ""stage_unknown"", ""publish_date"": ""2025-12-30"", ""nodes"": [""trigger"", ""implementation""]}, {""doc_id"": ""b8790526046a2552"", ""ann_type"": ""下修类公告"", ""event_stage"": ""stage_unknown"", ""publish_date"": ""2026-02-10"", ""nodes"": [""trigger"", ""proposal""]}, {""doc_id"": ""2697f0a03406ac08"", ""ann_type"": ""下修类公告"", ""event_stage"": ""stage_4_implementation"", ""publish_date"": ""2026-03-17"", ""nodes"": [""implementation""]}]"
128119,龙大转债,002726,ST龙大,adjustment,True,"trigger,proposal,resolution,implementation",,2026-05-06,2026-05-06,2026-05-06,2026-02-12,,83,NORMAL,9.3,4.2,55.38,,,,,"[{""doc_id"": ""09d83a9026b8effd"", ""ann_type"": ""下修类公告"", ""event_stage"": ""stage_unknown"", ""publish_date"": ""2026-05-06"", ""nodes"": [""trigger"", ""proposal"", ""resolution"", ""implementation""]}, {""doc_id"": ""7814c2880916c38d"", ""ann_type"": ""下修类公告"", ""event_stage"": ""stage_unknown"", ""publish_date"": ""2026-04-23"", ""nodes"": [""trigger""]}, {""doc_id"": ""7af2480fef6d642a"", ""ann_type"": ""下修类公告"", ""event_stage"": ""stage_unknown"", ""publish_date"": ""2026-03-25"", ""nodes"": [""trigger"", ""proposal"", ""resolution""]}, {""doc_id"": ""7ba3fc82bd387daa"", ""ann_type"": ""下修类公告"", ""event_stage"": ""stage_unknown"", ""publish_date"": ""2025-12-05"", ""nodes"": [""trigger"", ""proposal"", ""resolution""]}, {""doc_id"": ""e3c30812147916a0"", ""ann_type"": ""下修类公告"", ""event_stage"": ""stage_unknown"", ""publish_date"": ""2026-05-29"", ""nodes"": [""trigger"", ""proposal"", ""resolution""]}, {""doc_id"": ""98ae99e703caead7"", ""ann_type"": ""下修类公告"", ""event_stage"": ""stage_4_implementation"", ""publish_date"": ""2026-04-01"", ""nodes"": [""trigger"", ""proposal"", ""resolution"", ""implementation""]}, {""doc_id"": ""0a2395356b5f8dfc"", ""ann_type"": ""下修类公告"", ""event_stage"": ""stage_unknown"", ""publish_date"": ""2026-04-16"", ""nodes"": [""trigger"", ""proposal"", ""resolution""]}, {""doc_id"": ""33e3702ee1867cbf"", ""ann_type"": ""下修类公告"", ""event_stage"": ""stage_unknown"", ""publish_date"": ""2026-01-19"", ""nodes"": [""trigger""]}]"
128121,宏川转债,002930,宏川智慧,adjustment,False,trigger,"proposal,resolution,implementation",2026-01-15,,,,,0,NORMAL,14.0,,,,,,,"[{""doc_id"": ""0cd9653ab29f51cd"", ""ann_type"": ""下修类公告"", ""event_stage"": ""stage_unknown"", ""publish_date"": ""2026-01-15"", ""nodes"": [""trigger""]}, {""doc_id"": ""1784370caa1d1c8f"", ""ann_type"": ""下修类公告"", ""event_stage"": ""stage_unknown"", ""publish_date"": ""2025-12-05"", ""nodes"": [""trigger""]}]"
128124,科华转债,002022,上海科华生物工程股份有限公司,adjustment,True,"trigger,proposal,resolution,implementation",,2026-03-10,2026-03-10,2026-03-10,2026-03-10,,0,NORMAL,20.64,,,,,,,"[{""doc_id"": ""441060bbe58b184d"", ""ann_type"": ""下修类公告"", ""event_stage"": ""stage_4_implementation"", ""publish_date"": ""2026-03-10"", ""nodes"": [""trigger"", ""proposal"", ""resolution"", ""implementation""]}, {""doc_id"": ""20de6cd6cdb1073d"", ""ann_type"": ""下修类公告"", ""event_stage"": ""stage_unknown"", ""publish_date"": ""2026-03-03"", ""nodes"": [""trigger"", ""proposal""]}]"
128127,文科转债,002775,文科股份,adjustment,False,"trigger,proposal","resolution,implementation",2026-04-27,2026-04-27,,,,0,NORMAL,4.42,,,,,,,"[{""doc_id"": ""b46e01258f554af3"", ""ann_type"": ""下修类公告"", ""event_stage"": ""stage_unknown"", ""publish_date"": ""2026-04-27"", ""nodes"": [""trigger"", ""proposal""]}, {""doc_id"": ""bce1e304e63e54c4"", ""ann_type"": ""下修类公告"", ""event_stage"": ""stage_unknown"", ""publish_date"": ""2026-04-18"", ""nodes"": [""trigger""]}]"
128128,齐翔转2,002408,齐翔腾达,adjustment,False,"trigger,proposal","resolution,implementation",2025-12-10,2025-12-10,,,,0,NORMAL,,,,,,,,"[{""doc_id"": ""680338f6411faca6"", ""ann_type"": ""下修类公告"", ""event_stage"": ""stage_unknown"", ""publish_date"": ""2025-12-10"", ""nodes"": [""trigger"", ""proposal""]}]"
128134,鸿路转债,002541,鸿路钢构,adjustment,False,"trigger,implementation","proposal,resolution",2025-12-13,,,2026-02-26,,75,NORMAL,32.44,32.08,15.0,,,,,"[{""doc_id"": ""5313d4a1fbb9f942"", ""ann_type"": ""下修类公告"", ""event_stage"": ""stage_unknown"", ""publish_date"": ""2025-12-13"", ""nodes"": [""trigger""]}, {""doc_id"": ""82b2e7ba674d5cb1"", ""ann_type"": ""下修类公告"", ""event_stage"": ""stage_unknown"", ""publish_date"": ""2026-01-07"", ""nodes"": [""trigger""]}, {""doc_id"": ""d70eef5dd996cdc5"", ""ann_type"": ""下修类公告"", ""event_stage"": ""stage_unknown"", ""publish_date"": ""2026-01-28"", ""nodes"": [""trigger""]}, {""doc_id"": ""2136778ed959ba89"", ""ann_type"": ""下修类公告"", ""event_stage"": ""stage_4_implementation"", ""publish_date"": ""2026-02-26"", ""nodes"": [""trigger"", ""implementation""]}]"
128135,洽洽转债,002557,洽洽食品,adjustment,True,"trigger,proposal,resolution,implementation",,2026-02-26,2026-02-26,2026-02-26,2026-02-26,,0,NORMAL,55.93,,,,,,,"[{""doc_id"": ""bcf734eccdf90584"", ""ann_type"": ""下修类公告"", ""event_stage"": ""stage_4_implementation"", ""publish_date"": ""2026-02-26"", ""nodes"": [""trigger"", ""proposal"", ""resolution"", ""implementation""]}, {""doc_id"": ""b11e9aab9d71c284"", ""ann_type"": ""下修类公告"", ""event_stage"": ""stage_unknown"", ""publish_date"": ""2026-02-11"", ""nodes"": [""trigger""]}]"
128137,洁美转债,002859,洁美科技,redemption,False,"trigger,implementation","resolution,result",2026-05-23,,,2026-05-28,,5,NORMAL,,,,101.27,,,,"[{""doc_id"": ""34143da420648a5a"", ""ann_type"": ""强赎类公告"", ""event_stage"": ""stage_unknown"", ""publish_date"": ""2026-05-23"", ""nodes"": [""trigger"", ""implementation""]}, {""doc_id"": ""d678f088cfc2230e"", ""ann_type"": ""强赎类公告"", ""event_stage"": ""stage_unknown"", ""publish_date"": ""2026-06-01"", ""nodes"": [""trigger"", ""implementation""]}]"
128138,侨银转债,002973,侨银股份,adjustment,False,"trigger,proposal,implementation",resolution,2026-03-04,2026-03-04,,2024-11-25,,464,LONG,25.03,18.0,,,,,,"[{""doc_id"": ""383e9d76acf1a76e"", ""ann_type"": ""下修类公告"", ""event_stage"": ""stage_4_implementation"", ""publish_date"": ""2026-03-04"", ""nodes"": [""trigger"", ""proposal"", ""implementation""]}, {""doc_id"": ""34080219ab22ade9"", ""ann_type"": ""下修类公告"", ""event_stage"": ""stage_4_implementation"", ""publish_date"": ""2026-03-20"", ""nodes"": [""trigger"", ""implementation""]}]"
128141,旺能转债,002034,旺能环境,adjustment,False,trigger,"proposal,resolution,implementation",2026-05-18,,,,,0,NORMAL,,,,100.84,,,,"[{""doc_id"": ""14239d4b8644a768"", ""ann_type"": ""强赎类公告"", ""event_stage"": ""stage_unknown"", ""publish_date"": ""2026-05-18"", ""nodes"": [""trigger""]}]"
128141,旺能转债,002034,旺能环境,redemption,False,"trigger,implementation,result",resolution,2026-05-19,,,2026-05-19,2026-05-20,1,NORMAL,,,,100.84,0.84,,,"[{""doc_id"": ""0d4491c8a504ab4a"", ""ann_type"": ""强赎类公告"", ""event_stage"": ""stage_unknown"", ""publish_date"": ""2026-05-19"", ""nodes"": [""trigger"", ""implementation"", ""result""]}, {""doc_id"": ""6b685c73fd6325ce"", ""ann_type"": ""强赎类公告"", ""event_stage"": ""stage_unknown"", ""publish_date"": ""2026-05-19"", ""nodes"": [""trigger"", ""implementation""]}, {""doc_id"": ""14239d4b8644a768"", ""ann_type"": ""强赎类公告"", ""event_stage"": ""stage_unknown"", ""publish_date"": ""2026-05-18"", ""nodes"": [""trigger""]}]"
148064,22越控02,000987,越秀资本,adjustment,False,"trigger,implementation","proposal,resolution",2025-08-06,,,2025-09-16,,41,NORMAL,,,,102.67,,,,"[{""doc_id"": ""214fecd298e31b75"", ""ann_type"": ""强赎类公告"", ""event_stage"": ""stage_unknown"", ""publish_date"": ""2025-08-06"", ""nodes"": [""trigger""]}, {""doc_id"": ""284cc82cb1f5e8a3"", ""ann_type"": ""强赎类公告"", ""event_stage"": ""stage_unknown"", ""publish_date"": ""2025-08-05"", ""nodes"": [""trigger""]}, {""doc_id"": ""5cf11a9f52cca5be"", ""ann_type"": ""强赎类公告"", ""event_stage"": ""stage_unknown"", ""publish_date"": ""2025-08-08"", ""nodes"": [""trigger"", ""implementation""]}, {""doc_id"": ""5d0b04981709fc5e"", ""ann_type"": ""强赎类公告"", ""event_stage"": ""stage_unknown"", ""publish_date"": ""2025-08-07"", ""nodes"": [""trigger""]}]"
148064,22越控 02,600415,广州越秀资本控股集团股份有限公司,redemption,True,"trigger,resolution,implementation,result",,2025-08-05,,2025-08-05,2025-09-15,2025-09-16,42,NORMAL,,,,102.67,2.67,,,"[{""doc_id"": ""c5082b0e661f3a70"", ""ann_type"": ""强赎类公告"", ""event_stage"": ""stage_unknown"", ""publish_date"": ""2025-08-05"", ""nodes"": [""trigger"", ""resolution"", ""implementation"", ""result""]}, {""doc_id"": ""e92dd5e5d83cb66e"", ""ann_type"": ""强赎类公告"", ""event_stage"": ""stage_unknown"", ""publish_date"": ""2025-08-07"", ""nodes"": [""resolution"", ""implementation"", ""result""]}, {""doc_id"": ""f9bbbf79e45ef026"", ""ann_type"": ""强赎类公告"", ""event_stage"": ""stage_unknown"", ""publish_date"": ""2025-08-08"", ""nodes"": [""resolution"", ""implementation"", ""result""]}, {""doc_id"": ""214fecd298e31b75"", ""ann_type"": ""强赎类公告"", ""event_stage"": ""stage_unknown"", ""publish_date"": ""2025-08-06"", ""nodes"": [""resolution"", ""implementation""]}, {""doc_id"": ""284cc82cb1f5e8a3"", ""ann_type"": ""强赎类公告"", ""event_stage"": ""stage_unknown"", ""publish_date"": ""2025-08-05"", ""nodes"": [""resolution"", ""implementation""]}, {""doc_id"": ""5cf11a9f52cca5be"", ""ann_type"": ""强赎类公告"", ""event_stage"": ""stage_unknown"", ""publish_date"": ""2025-08-08"", ""nodes"": [""resolution"", ""implementation""]}, {""doc_id"": ""5d0b04981709fc5e"", ""ann_type"": ""强赎类公告"", ""event_stage"": ""stage_unknown"", ""publish_date"": ""2025-08-07"", ""nodes"": [""resolution"", ""implementation""]}]"
148093,22光控01,148093,22光控01,adjustment,False,trigger,"proposal,resolution,implementation",2025-09-09,,,,,0,NORMAL,,,,103.43,,,,"[{""doc_id"": ""29ecbbd2e6c6e156"", ""ann_type"": ""强赎类公告"", ""event_stage"": ""stage_unknown"", ""publish_date"": ""2025-09-09"", ""nodes"": [""trigger""]}, {""doc_id"": ""2cefb6e37ba68a67"", ""ann_type"": ""强赎类公告"", ""event_stage"": ""stage_unknown"", ""publish_date"": ""2025-09-10"", ""nodes"": [""trigger""]}]"
148093,22光控01,148093,22光控01,redemption,True,"trigger,resolution,implementation,result",,2025-09-05,,2025-09-05,2025-09-05,2025-10-27,52,NORMAL,,,,103.43,,,,"[{""doc_id"": ""715a7a1c14c233f2"", ""ann_type"": ""强赎类公告"", ""event_stage"": ""stage_unknown"", ""publish_date"": ""2025-09-05"", ""nodes"": [""trigger"", ""resolution"", ""implementation""]}, {""doc_id"": ""f65fa856fdb454af"", ""ann_type"": ""强赎类公告"", ""event_stage"": ""stage_unknown"", ""publish_date"": ""2025-09-08"", ""nodes"": [""resolution"", ""implementation"", ""result""]}, {""doc_id"": ""29ecbbd2e6c6e156"", ""ann_type"": ""强赎类公告"", ""event_stage"": ""stage_unknown"", ""publish_date"": ""2025-09-09"", ""nodes"": [""resolution"", ""implementation""]}, {""doc_id"": ""2cefb6e37ba68a67"", ""ann_type"": ""强赎类公告"", ""event_stage"": ""stage_unknown"", ""publish_date"": ""2025-09-10"", ""nodes"": [""resolution"", ""implementation""]}]"
148097,22越控04,000987,越秀资本,adjustment,False,trigger,"proposal,resolution,implementation",2025-09-15,,,,,0,NORMAL,,,,102.65,,,,"[{""doc_id"": ""16da57e92a58c682"", ""ann_type"": ""强赎类公告"", ""event_stage"": ""stage_unknown"", ""publish_date"": ""2025-09-15"", ""nodes"": [""trigger""]}]"
148097,22越控 04,000987,广州越秀资本控股集团股份有限公司,redemption,True,"trigger,resolution,implementation,result",,2025-09-12,,2025-09-11,2025-10-23,2025-10-24,43,NORMAL,,,,102.65,2.65,,,"[{""doc_id"": ""3576645e9c404f86"", ""ann_type"": ""强赎类公告"", ""event_stage"": ""stage_unknown"", ""publish_date"": ""2025-09-11"", ""nodes"": [""resolution"", ""implementation"", ""result""]}, {""doc_id"": ""34e31ea48be50cb3"", ""ann_type"": ""强赎类公告"", ""event_stage"": ""stage_unknown"", ""publish_date"": ""2025-09-10"", ""nodes"": [""resolution"", ""implementation""]}, {""doc_id"": ""8e145a0b44fa4f77"", ""ann_type"": ""强赎类公告"", ""event_stage"": ""stage_unknown"", ""publish_date"": ""2025-09-12"", ""nodes"": [""trigger"", ""resolution"", ""implementation"", ""result""]}, {""doc_id"": ""e4ae192232b8dfdc"", ""ann_type"": ""强赎类公告"", ""event_stage"": ""stage_unknown"", ""publish_date"": ""2025-09-10"", ""nodes"": [""resolution"", ""implementation""]}, {""doc_id"": ""ec60c179ff11d0f2"", ""ann_type"": ""强赎类公告"", ""event_stage"": ""stage_unknown"", ""publish_date"": ""2025-09-15"", ""nodes"": [""resolution"", ""implementation"", ""result""]}, {""doc_id"": ""bbd43833bea71a32"", ""ann_type"": ""强赎类公告"", ""event_stage"": ""stage_unknown"", ""publish_date"": ""2025-09-10"", ""nodes"": [""resolution"", ""implementation"", ""result""]}, {""doc_id"": ""16da57e92a58c682"", ""ann_type"": ""强赎类公告"", ""event_stage"": ""stage_unknown"", ""publish_date"": ""2025-09-15"", ""nodes"": [""resolution"", ""implementation""]}]"
148099,22万科07,000002,万科A,adjustment,False,"trigger,implementation","proposal,resolution",2025-10-13,,,2025-10-31,,18,NORMAL,,,,103.45,,,,"[{""doc_id"": ""1a28f8c8047ba797"", ""ann_type"": ""强赎类公告"", ""event_stage"": ""stage_unknown"", ""publish_date"": ""2025-10-13"", ""nodes"": [""trigger"", ""implementation""]}]"
148099,22万科 07,000002,万科 A,redemption,True,"trigger,resolution,implementation,result",,2025-09-25,,2025-10-13,2025-10-30,2025-10-31,36,NORMAL,,,,103.45,3.45,,,"[{""doc_id"": ""3825c2e9188130a9"", ""ann_type"": ""强赎类公告"", ""event_stage"": ""stage_unknown"", ""publish_date"": ""2025-10-13"", ""nodes"": [""resolution"", ""implementation"", ""result""]}, {""doc_id"": ""3dfa0ddc604f0850"", ""ann_type"": ""强赎类公告"", ""event_stage"": ""stage_unknown"", ""publish_date"": ""2025-09-25"", ""nodes"": [""resolution"", ""implementation"", ""result""]}, {""doc_id"": ""572c18df16a1c46d"", ""ann_type"": ""强赎类公告"", ""event_stage"": ""stage_unknown"", ""publish_date"": ""2025-09-25"", ""nodes"": [""trigger"", ""resolution""]}, {""doc_id"": ""81fe41f4a462836c"", ""ann_type"": ""强赎类公告"", ""event_stage"": ""stage_unknown"", ""publish_date"": ""2025-09-25"", ""nodes"": [""trigger"", ""resolution""]}, {""doc_id"": ""aefc63b59c8c559a"", ""ann_type"": ""强赎类公告"", ""event_stage"": ""stage_unknown"", ""publish_date"": ""2025-10-13"", ""nodes"": [""resolution"", ""implementation"", ""result""]}, {""doc_id"": ""b61e6de5aad164e9"", ""ann_type"": ""强赎类公告"", ""event_stage"": ""stage_unknown"", ""publish_date"": ""2025-09-25"", ""nodes"": [""trigger"", ""resolution"", ""implementation"", ""result""]}, {""doc_id"": ""1a28f8c8047ba797"", ""ann_type"": ""强赎类公告"", ""event_stage"": ""stage_unknown"", ""publish_date"": ""2025-10-13"", ""nodes"": [""resolution"", ""implementation"", ""result""]}]"
148205,23重发 01,148205,23重发01,redemption,True,"trigger,resolution,implementation,result",,2026-03-06,,2026-03-06,2026-03-13,2026-03-16,10,NORMAL,,,,103.2,3.2,,,"[{""doc_id"": ""00d8ff93ff716bce"", ""ann_type"": ""强赎类公告"", ""event_stage"": ""stage_unknown"", ""publish_date"": ""2026-03-06"", ""nodes"": [""trigger"", ""resolution"", ""implementation"", ""result""]}]"
148300,23广资01,148300,23广资01,adjustment,False,"trigger,implementation","proposal,resolution",2026-04-09,,,2026-05-25,,46,NORMAL,,,,103.18,,,,"[{""doc_id"": ""3220aeee5052fef9"", ""ann_type"": ""强赎类公告"", ""event_stage"": ""stage_unknown"", ""publish_date"": ""2026-04-09"", ""nodes"": [""trigger""]}, {""doc_id"": ""5f720786eac4275f"", ""ann_type"": ""强赎类公告"", ""event_stage"": ""stage_unknown"", ""publish_date"": ""2026-04-08"", ""nodes"": [""trigger"", ""implementation""]}]"
148300,23广资01,148300,23广资01,redemption,True,"trigger,resolution,implementation,result",,2026-04-03,,2026-04-07,2026-05-22,2026-05-25,52,NORMAL,,,,103.18,,,,"[{""doc_id"": ""1f12792e645893ca"", ""ann_type"": ""强赎类公告"", ""event_stage"": ""stage_unknown"", ""publish_date"": ""2026-04-07"", ""nodes"": [""resolution"", ""implementation"", ""result""]}, {""doc_id"": ""6f1dad7f7c38e19e"", ""ann_type"": ""强赎类公告"", ""event_stage"": ""stage_unknown"", ""publish_date"": ""2026-04-03"", ""nodes"": [""trigger"", ""resolution""]}, {""doc_id"": ""3220aeee5052fef9"", ""ann_type"": ""强赎类公告"", ""event_stage"": ""stage_unknown"", ""publish_date"": ""2026-04-09"", ""nodes"": [""resolution"", ""implementation""]}, {""doc_id"": ""5f720786eac4275f"", ""ann_type"": ""强赎类公告"", ""event_stage"": ""stage_unknown"", ""publish_date"": ""2026-04-08"", ""nodes"": [""resolution"", ""implementation""]}]"
148330,23越产02,148330,23越产02,redemption,False,"resolution,implementation,result",trigger,,,2026-05-15,2026-06-25,2026-06-26,42,NORMAL,,,,103.1,,,,"[{""doc_id"": ""d8ed87c733a74d35"", ""ann_type"": ""强赎类公告"", ""event_stage"": ""stage_unknown"", ""publish_date"": ""2026-05-15"", ""nodes"": [""resolution"", ""implementation"", ""result""]}, {""doc_id"": ""e0106132f8cf13a2"", ""ann_type"": ""强赎类公告"", ""event_stage"": ""stage_unknown"", ""publish_date"": ""2026-05-18"", ""nodes"": [""resolution"", ""implementation"", ""result""]}]"
148418,23长开03,148418,23长开03,redemption,False,"resolution,implementation,result",trigger,,,2025-06-30,2025-08-08,2025-08-11,42,NORMAL,,,,107.1,7.1,,,"[{""doc_id"": ""4991ea9b38f7bba1"", ""ann_type"": ""强赎类公告"", ""event_stage"": ""stage_unknown"", ""publish_date"": ""2025-06-30"", ""nodes"": [""resolution"", ""implementation"", ""result""]}]"
148437,23新化K1,148437,新疆中泰化学股份有限公司,redemption,False,resolution,"trigger,implementation,result",,,2025-07-25,,,0,NORMAL,,,,,,,,"[{""doc_id"": ""4a1e8d0295944175"", ""ann_type"": ""强赎类公告"", ""event_stage"": ""stage_unknown"", ""publish_date"": ""2025-07-25"", ""nodes"": [""resolution""]}, {""doc_id"": ""53f37a59c2925596"", ""ann_type"": ""强赎类公告"", ""event_stage"": ""stage_unknown"", ""publish_date"": ""2025-07-25"", ""nodes"": [""resolution""]}]"
149297,20万科08,000002,万科A,adjustment,False,trigger,"proposal,resolution,implementation",2025-09-24,,,,,0,NORMAL,,,,,,,,"[{""doc_id"": ""1806046251a5cd1e"", ""ann_type"": ""强赎类公告"", ""event_stage"": ""stage_unknown"", ""publish_date"": ""2025-09-24"", ""nodes"": [""trigger""]}]"
149297,20万科 08,000002,万科 A,redemption,True,"trigger,resolution,implementation,result",,2025-09-24,,2025-09-24,2025-11-12,2025-11-13,50,NORMAL,,,,104.11,4.11,,,"[{""doc_id"": ""51a6fab4b448d38f"", ""ann_type"": ""强赎类公告"", ""event_stage"": ""stage_unknown"", ""publish_date"": ""2025-09-24"", ""nodes"": [""trigger"", ""resolution"", ""implementation"", ""result""]}, {""doc_id"": ""674fb16090d09343"", ""ann_type"": ""强赎类公告"", ""event_stage"": ""stage_unknown"", ""publish_date"": ""2025-10-13"", ""nodes"": [""trigger"", ""resolution"", ""implementation"", ""result""]}, {""doc_id"": ""74b41b351fc592c5"", ""ann_type"": ""强赎类公告"", ""event_stage"": ""stage_unknown"", ""publish_date"": ""2025-10-13"", ""nodes"": [""resolution"", ""implementation"", ""result""]}, {""doc_id"": ""785617265a25e432"", ""ann_type"": ""强赎类公告"", ""event_stage"": ""stage_unknown"", ""publish_date"": ""2025-10-13"", ""nodes"": [""resolution"", ""implementation"", ""result""]}, {""doc_id"": ""7b0e438b11667bc3"", ""ann_type"": ""强赎类公告"", ""event_stage"": ""stage_unknown"", ""publish_date"": ""2025-09-24"", ""nodes"": [""trigger"", ""resolution"", ""implementation"", ""result""]}, {""doc_id"": ""7c4daabf78db2767"", ""ann_type"": ""强赎类公告"", ""event_stage"": ""stage_unknown"", ""publish_date"": ""2025-09-24"", ""nodes"": [""trigger"", ""resolution"", ""implementation""]}, {""doc_id"": ""ed1e2a4e12d91808"", ""ann_type"": ""强赎类公告"", ""event_stage"": ""stage_unknown"", ""publish_date"": ""2025-09-24"", ""nodes"": [""resolution"", ""implementation"", ""result""]}, {""doc_id"": ""1806046251a5cd1e"", ""ann_type"": ""强赎类公告"", ""event_stage"": ""stage_unknown"", ""publish_date"": ""2025-09-24"", ""nodes"": [""resolution"", ""implementation""]}]"
149358,21万科02,000002,万科A,adjustment,False,trigger,"proposal,resolution,implementation",2025-12-05,,,,,0,NORMAL,,,,,,,,"[{""doc_id"": ""2c519d1bbce9f41d"", ""ann_type"": ""强赎类公告"", ""event_stage"": ""stage_unknown"", ""publish_date"": ""2025-12-05"", ""nodes"": [""trigger""]}]"
149358,21万科02,000002,万科A,redemption,False,resolution,"trigger,implementation,result",,,2025-12-05,,,0,NORMAL,,,,,,,,"[{""doc_id"": ""a4ad0a4f1aed511e"", ""ann_type"": ""强赎类公告"", ""event_stage"": ""stage_unknown"", ""publish_date"": ""2025-12-05"", ""nodes"": [""resolution""]}, {""doc_id"": ""77ab128479394381"", ""ann_type"": ""强赎类公告"", ""event_stage"": ""stage_unknown"", ""publish_date"": ""2025-12-05"", ""nodes"": [""resolution""]}, {""doc_id"": ""d68a6add68e39951"", ""ann_type"": ""强赎类公告"", ""event_stage"": ""stage_unknown"", ""publish_date"": ""2025-12-05"", ""nodes"": [""resolution""]}, {""doc_id"": ""d8e19785c2a82372"", ""ann_type"": ""强赎类公告"", ""event_stage"": ""stage_unknown"", ""publish_date"": ""2025-12-05"", ""nodes"": [""resolution""]}, {""doc_id"": ""ec9d177c34aadaca"", ""ann_type"": ""强赎类公告"", ""event_stage"": ""stage_unknown"", ""publish_date"": ""2025-12-05"", ""nodes"": [""resolution""]}, {""doc_id"": ""bbef0a03fa2c25ad"", ""ann_type"": ""强赎类公告"", ""event_stage"": ""stage_unknown"", ""publish_date"": ""2025-12-05"", ""nodes"": [""resolution""]}, {""doc_id"": ""2c519d1bbce9f41d"", ""ann_type"": ""强赎类公告"", ""event_stage"": ""stage_unknown"", ""publish_date"": ""2025-12-05"", ""nodes"": [""resolution""]}]"
149529,21申证Y1,149529,21申证Y1,adjustment,False,trigger,"proposal,resolution,implementation",2026-05-12,,,,,0,NORMAL,,,,104.1,,,,"[{""doc_id"": ""2b11e3755567ac1b"", ""ann_type"": ""强赎类公告"", ""event_stage"": ""stage_unknown"", ""publish_date"": ""2026-05-12"", ""nodes"": [""trigger""]}]"
149529,21申证Y1,149529,21申证Y1,redemption,True,"trigger,resolution,implementation,result",,2026-05-20,,2026-05-20,2026-06-23,2026-06-24,35,NORMAL,,,,104.1,4.1,,,"[{""doc_id"": ""4920a8f287f9d0d3"", ""ann_type"": ""强赎类公告"", ""event_stage"": ""stage_unknown"", ""publish_date"": ""2026-05-20"", ""nodes"": [""trigger"", ""resolution"", ""implementation"", ""result""]}, {""doc_id"": ""b64b03f59ea26703"", ""ann_type"": ""强赎类公告"", ""event_stage"": ""stage_unknown"", ""publish_date"": ""2026-05-14"", ""nodes"": [""trigger"", ""resolution"", ""implementation"", ""result""]}, {""doc_id"": ""2b11e3755567ac1b"", ""ann_type"": ""强赎类公告"", ""event_stage"": ""stage_unknown"", ""publish_date"": ""2026-05-12"", ""nodes"": [""resolution""]}]"
149539,21建房01,149539,建发房地产集团有限公司,redemption,True,"trigger,resolution,implementation,result",,2026-05-29,,2026-05-29,2026-07-10,2026-07-13,45,NORMAL,,,,104.38,4.38,,,"[{""doc_id"": ""0fb9af5c0fca7685"", ""ann_type"": ""强赎类公告"", ""event_stage"": ""stage_unknown"", ""publish_date"": ""2026-05-29"", ""nodes"": [""trigger"", ""resolution"", ""implementation"", ""result""]}]"
149797,22新资01,149797,新疆金投资产管理股份有限公司,redemption,True,"trigger,resolution,implementation,result",,2025-12-29,,2025-12-26,2026-01-26,2026-01-27,32,NORMAL,,,,105.4,5.4,,,"[{""doc_id"": ""5329e98ad0c0948f"", ""ann_type"": ""强赎类公告"", ""event_stage"": ""stage_unknown"", ""publish_date"": ""2025-12-26"", ""nodes"": [""resolution"", ""implementation"", ""result""]}, {""doc_id"": ""6da1d623c94b54b3"", ""ann_type"": ""强赎类公告"", ""event_stage"": ""stage_unknown"", ""publish_date"": ""2025-12-30"", ""nodes"": [""resolution"", ""implementation"", ""result""]}, {""doc_id"": ""e4a7c85cc4484964"", ""ann_type"": ""强赎类公告"", ""event_stage"": ""stage_unknown"", ""publish_date"": ""2025-12-26"", ""nodes"": [""resolution"", ""implementation"", ""result""]}, {""doc_id"": ""ae1b89cdfd7c465e"", ""ann_type"": ""强赎类公告"", ""event_stage"": ""stage_unknown"", ""publish_date"": ""2025-12-29"", ""nodes"": [""trigger"", ""resolution"", ""implementation"", ""result""]}]"
149975,22万科05,000002,万科A,adjustment,False,trigger,"proposal,resolution,implementation",2025-06-17,,,,,0,NORMAL,,,,103.21,,,,"[{""doc_id"": ""16d0f080bf28ce50"", ""ann_type"": ""强赎类公告"", ""event_stage"": ""stage_unknown"", ""publish_date"": ""2025-06-17"", ""nodes"": [""trigger""]}]"
149975,22万科 05,000002,万科 A,redemption,True,"trigger,resolution,implementation,result",,2025-06-17,,2025-06-17,2025-07-07,2025-07-08,21,NORMAL,,,,103.21,3.21,,,"[{""doc_id"": ""02279a1b64687f35"", ""ann_type"": ""强赎类公告"", ""event_stage"": ""stage_unknown"", ""publish_date"": ""2025-06-17"", ""nodes"": [""trigger"", ""resolution"", ""implementation"", ""result""]}, {""doc_id"": ""47f52370c92fa5a7"", ""ann_type"": ""强赎类公告"", ""event_stage"": ""stage_unknown"", ""publish_date"": ""2025-06-17"", ""nodes"": [""resolution"", ""implementation"", ""result""]}, {""doc_id"": ""91677985324aa623"", ""ann_type"": ""强赎类公告"", ""event_stage"": ""stage_unknown"", ""publish_date"": ""2025-06-23"", ""nodes"": [""trigger"", ""resolution"", ""implementation"", ""result""]}, {""doc_id"": ""9b37d6e54de9cea5"", ""ann_type"": ""强赎类公告"", ""event_stage"": ""stage_unknown"", ""publish_date"": ""2025-06-10"", ""nodes"": [""trigger"", ""resolution"", ""implementation"", ""result""]}, {""doc_id"": ""eb96a7c3003e40d9"", ""ann_type"": ""强赎类公告"", ""event_stage"": ""stage_unknown"", ""publish_date"": ""2025-06-17"", ""nodes"": [""resolution"", ""implementation"", ""result""]}, {""doc_id"": ""ebc3ffaec1782570"", ""ann_type"": ""强赎类公告"", ""event_stage"": ""stage_unknown"", ""publish_date"": ""2025-06-10"", ""nodes"": [""resolution"", ""implementation""]}, {""doc_id"": ""eefd1fa7b8ea050a"", ""ann_type"": ""强赎类公告"", ""event_stage"": ""stage_unknown"", ""publish_date"": ""2025-06-23"", ""nodes"": [""resolution"", ""implementation"", ""result""]}, {""doc_id"": ""fae3f682a6320654"", ""ann_type"": ""强赎类公告"", ""event_stage"": ""stage_unknown"", ""publish_date"": ""2025-06-10"", ""nodes"": [""resolution"", ""implementation"", ""result""]}, {""doc_id"": ""af6a66f9e558c627"", ""ann_type"": ""强赎类公告"", ""event_stage"": ""stage_unknown"", ""publish_date"": ""2025-06-23"", ""nodes"": [""resolution"", ""implementation"", ""result""]}, {""doc_id"": ""b484913fccab5638"", ""ann_type"": ""强赎类公告"", ""event_stage"": ""stage_unknown"", ""publish_date"": ""2025-06-10"", ""nodes"": [""resolution"", ""implementation""]}, {""doc_id"": ""16d0f080bf28ce50"", ""ann_type"": ""强赎类公告"", ""event_stage"": ""stage_unknown"", ""publish_date"": ""2025-06-17"", ""nodes"": [""resolution"", ""implementation""]}]"
21银河Y2,中国银河证券股份有限公司公开发行2021年永续次级债券（第二期）,601881,中国银河,adjustment,False,trigger,"proposal,resolution,implementation",2026-03-14,,,,,0,NORMAL,,,,,,,,"[{""doc_id"": ""323a6fd32edbf518"", ""ann_type"": ""强赎类公告"", ""event_stage"": ""stage_unknown"", ""publish_date"": ""2026-03-14"", ""nodes"": [""trigger""]}]"
21银河Y2,中国银河证券股份有限公司公开发行2021年永续次级债券（第二期）,601881,中国银河,redemption,False,resolution,"trigger,implementation,result",,,2026-03-14,,,0,NORMAL,,,,,,,,"[{""doc_id"": ""323a6fd32edbf518"", ""ann_type"": ""强赎类公告"", ""event_stage"": ""stage_unknown"", ""publish_date"": ""2026-03-14"", ""nodes"": [""resolution""]}]"
22万科05,22万科05,000002,万科 A,redemption,False,"trigger,resolution","implementation,result",2025-06-10,,2025-06-10,,,0,NORMAL,,,,,,,,"[{""doc_id"": ""a5f021d933c7c8ae"", ""ann_type"": ""强赎类公告"", ""event_stage"": ""stage_unknown"", ""publish_date"": ""2025-06-10"", ""nodes"": [""trigger"", ""resolution""]}]"
